Timestamp,Int Temp,Int Hum,Ext Temp,Ext Hum,SystemV,RadiatorTemp
'19 Mar - 00:58:57',11.00,36.00,6.000,79.00,3.39,8.00
'19 Mar - 00:59:57',11.00,36.00,6.000,79.00,3.39,8.00
'19 Mar - 01:00:57',11.00,36.00,6.000,79.00,3.39,7.94
'19 Mar - 01:01:57',11.00,36.00,6.000,79.00,3.39,7.94
'19 Mar - 01:02:57',11.00,36.00,6.000,79.00,3.39,8.00
'19 Mar - 01:03:57',11.00,36.00,6.000,79.00,3.39,8.00
'19 Mar - 01:04:57',11.00,37.00,6.000,79.00,3.39,8.00
'19 Mar - 01:05:57',11.00,36.00,6.000,79.00,3.39,8.00
'19 Mar - 01:06:57',11.00,37.00,6.000,79.00,3.39,8.00
'19 Mar - 01:07:57',11.00,36.00,6.000,79.00,3.39,8.00
'19 Mar - 01:08:57',11.00,36.00,6.000,79.00,3.39,7.94
'19 Mar - 01:09:57',11.00,36.00,6.000,79.00,3.39,8.00
'19 Mar - 01:10:57',11.00,36.00,6.000,79.00,3.39,8.00
'19 Mar - 01:11:57',11.00,37.00,6.000,79.00,3.39,8.00
'19 Mar - 01:12:57',11.00,36.00,6.000,79.00,3.39,7.94
'19 Mar - 01:13:57',11.00,36.00,6.000,80.00,3.39,8.00
'19 Mar - 01:14:57',11.00,36.00,6.000,80.00,3.39,8.00
'19 Mar - 01:15:57',11.00,36.00,6.000,80.00,3.39,8.00
'19 Mar - 01:16:57',11.00,37.00,6.000,80.00,3.39,7.94
'19 Mar - 01:17:57',11.00,36.00,6.000,80.00,3.39,8.00
'19 Mar - 01:18:57',11.00,36.00,6.000,80.00,3.39,8.00
'19 Mar - 01:19:57',11.00,36.00,6.000,80.00,3.39,8.00
'19 Mar - 01:20:57',11.00,36.00,6.000,80.00,3.39,7.94
'19 Mar - 01:21:57',11.00,36.00,6.000,80.00,3.39,7.94
'19 Mar - 01:22:57',11.00,36.00,6.000,80.00,3.39,7.94
'19 Mar - 01:23:57',11.00,36.00,6.000,80.00,3.39,8.00
'19 Mar - 01:24:57',11.00,36.00,6.000,80.00,3.39,8.00
'19 Mar - 01:25:57',11.00,36.00,6.000,80.00,3.39,8.00
'19 Mar - 01:26:57',11.00,36.00,6.000,80.00,3.39,7.94
'19 Mar - 01:27:57',11.00,36.00,6.000,80.00,3.39,7.94
'19 Mar - 01:28:57',11.00,36.00,6.000,80.00,3.39,7.94
'19 Mar - 01:29:57',11.00,36.00,6.000,80.00,3.39,7.94
'19 Mar - 01:30:57',11.00,36.00,6.000,80.00,3.39,7.94
'19 Mar - 01:31:57',11.00,36.00,6.000,80.00,3.39,7.94
'19 Mar - 01:32:57',11.00,36.00,6.000,80.00,3.39,8.00
'19 Mar - 01:33:57',11.00,36.00,6.000,80.00,3.39,8.00
'19 Mar - 01:34:57',11.00,36.00,6.000,80.00,3.39,8.00
'19 Mar - 01:35:57',11.00,37.00,6.000,80.00,3.39,8.00
'19 Mar - 01:36:57',11.00,36.00,6.000,80.00,3.39,8.00
'19 Mar - 01:37:58',11.00,36.00,6.000,80.00,3.39,8.00
'19 Mar - 01:38:58',11.00,36.00,6.000,80.00,3.39,8.00
'19 Mar - 01:39:58',11.00,37.00,6.000,80.00,3.39,8.00
'19 Mar - 01:40:58',11.00,36.00,6.000,80.00,3.39,8.00
'19 Mar - 01:41:58',11.00,36.00,6.000,80.00,3.39,8.00
'19 Mar - 01:42:58',11.00,36.00,6.000,80.00,3.39,8.00
'19 Mar - 01:43:58',11.00,36.00,6.000,80.00,3.39,8.00
'19 Mar - 01:44:58',11.00,36.00,6.000,80.00,3.39,8.00
'19 Mar - 01:45:58',11.00,36.00,6.000,81.00,3.39,8.00
'19 Mar - 01:46:58',11.00,36.00,6.000,81.00,3.39,8.00
'19 Mar - 01:47:58',11.00,36.00,6.000,81.00,3.39,7.94
'19 Mar - 01:48:58',11.00,36.00,6.000,81.00,3.39,8.00
'19 Mar - 01:49:58',11.00,37.00,6.000,81.00,3.39,8.00
'19 Mar - 01:50:58',11.00,36.00,6.000,81.00,3.39,8.00
'19 Mar - 01:51:58',11.00,36.00,6.000,81.00,3.39,8.00
'19 Mar - 01:52:58',11.00,36.00,6.000,81.00,3.39,8.00
'19 Mar - 01:53:58',11.00,36.00,6.000,81.00,3.39,8.00
'19 Mar - 01:54:58',11.00,36.00,6.000,81.00,3.39,8.00
'19 Mar - 01:55:58',11.00,37.00,6.000,81.00,3.39,8.00
'19 Mar - 01:56:58',11.00,36.00,6.000,81.00,3.39,8.00
'19 Mar - 01:57:58',11.00,37.00,6.000,81.00,3.39,7.94
'19 Mar - 01:58:58',11.00,36.00,6.000,81.00,3.39,7.94
'19 Mar - 01:59:58',11.00,36.00,6.000,81.00,3.39,7.94
'19 Mar - 02:00:58',11.00,36.00,6.000,81.00,3.39,7.94
'19 Mar - 02:01:58',11.00,36.00,6.000,81.00,3.39,7.94
'19 Mar - 02:02:58',11.00,37.00,6.000,81.00,3.39,7.94
'19 Mar - 02:03:58',11.00,36.00,6.000,81.00,3.39,7.94
'19 Mar - 02:04:58',11.00,36.00,6.000,81.00,3.39,7.94
'19 Mar - 02:05:58',11.00,36.00,6.000,81.00,3.39,7.87
'19 Mar - 02:06:58',11.00,36.00,6.000,81.00,3.39,7.87
'19 Mar - 02:07:58',11.00,36.00,6.000,81.00,3.39,7.94
'19 Mar - 02:08:58',11.00,36.00,6.000,81.00,3.39,7.94
'19 Mar - 02:09:58',11.00,36.00,6.000,81.00,3.39,7.94
'19 Mar - 02:10:58',11.00,36.00,6.000,81.00,3.39,7.94
'19 Mar - 02:11:58',11.00,37.00,6.000,81.00,3.39,7.94
'19 Mar - 02:12:58',11.00,36.00,6.000,81.00,3.39,7.94
'19 Mar - 02:13:58',11.00,36.00,6.000,81.00,3.39,7.87
'19 Mar - 02:14:58',11.00,37.00,6.000,81.00,3.39,7.87
'19 Mar - 02:15:58',11.00,36.00,6.000,81.00,3.39,7.94
'19 Mar - 02:16:58',11.00,37.00,6.000,81.00,3.39,7.87
'19 Mar - 02:17:58',11.00,37.00,6.000,81.00,3.39,7.87
'19 Mar - 02:18:58',11.00,36.00,6.000,81.00,3.39,7.87
'19 Mar - 02:19:58',11.00,36.00,6.000,81.00,3.39,7.87
'19 Mar - 02:20:58',11.00,36.00,6.000,81.00,3.39,7.87
'19 Mar - 02:21:58',11.00,37.00,6.000,81.00,3.39,7.87
'19 Mar - 02:22:58',11.00,36.00,6.000,82.00,3.39,7.87
'19 Mar - 02:23:58',11.00,36.00,6.000,82.00,3.39,7.94
'19 Mar - 02:24:58',11.00,37.00,6.000,82.00,3.39,7.94
'19 Mar - 02:25:58',11.00,36.00,6.000,82.00,3.39,7.94
'19 Mar - 02:26:58',11.00,36.00,6.000,82.00,3.39,7.87
'19 Mar - 02:27:58',11.00,36.00,6.000,82.00,3.39,7.94
'19 Mar - 02:28:58',11.00,37.00,6.000,82.00,3.39,7.87
'19 Mar - 02:29:58',11.00,37.00,6.000,82.00,3.39,7.94
'19 Mar - 02:30:58',11.00,36.00,6.000,82.00,3.39,7.94
'19 Mar - 02:31:58',11.00,36.00,6.000,82.00,3.39,7.94
'19 Mar - 02:32:58',11.00,37.00,6.000,82.00,3.39,7.94
'19 Mar - 02:33:58',11.00,36.00,6.000,82.00,3.39,7.94
'19 Mar - 02:34:58',11.00,36.00,6.000,82.00,3.39,7.94
'19 Mar - 02:35:58',11.00,37.00,6.000,82.00,3.39,7.94
'19 Mar - 02:36:58',11.00,36.00,6.000,82.00,3.39,7.94
'19 Mar - 02:37:58',11.00,36.00,6.000,82.00,3.39,7.94
'19 Mar - 02:38:58',11.00,36.00,6.000,82.00,3.39,7.94
'19 Mar - 02:39:58',11.00,36.00,6.000,82.00,3.39,7.87
'19 Mar - 02:40:58',11.00,36.00,6.000,82.00,3.39,7.94
'19 Mar - 02:41:58',11.00,37.00,6.000,82.00,3.39,7.94
'19 Mar - 02:42:58',11.00,36.00,6.000,82.00,3.39,7.94
'19 Mar - 02:43:58',11.00,37.00,6.000,82.00,3.39,7.94
'19 Mar - 02:44:58',11.00,36.00,6.000,82.00,3.39,7.94
'19 Mar - 02:45:58',11.00,36.00,6.000,82.00,3.39,7.94
'19 Mar - 02:46:58',11.00,36.00,6.000,82.00,3.39,7.94
'19 Mar - 02:47:58',11.00,36.00,6.000,82.00,3.39,7.94
'19 Mar - 02:48:58',11.00,36.00,6.000,82.00,3.39,7.94
'19 Mar - 02:49:58',11.00,36.00,6.000,82.00,3.39,7.94
'19 Mar - 02:50:58',11.00,36.00,6.000,82.00,3.39,7.94
'19 Mar - 02:51:58',11.00,36.00,6.000,82.00,3.39,7.94
'19 Mar - 02:52:58',11.00,37.00,6.000,82.00,3.39,7.94
'19 Mar - 02:53:58',11.00,36.00,6.000,82.00,3.39,7.94
'19 Mar - 02:54:58',11.00,37.00,6.000,82.00,3.39,8.00
'19 Mar - 02:55:58',11.00,36.00,6.000,82.00,3.39,8.00
'19 Mar - 02:56:58',11.00,36.00,6.000,82.00,3.39,8.00
'19 Mar - 02:57:58',11.00,36.00,6.000,82.00,3.39,7.94
'19 Mar - 02:58:58',11.00,36.00,6.000,82.00,3.39,7.94
'19 Mar - 02:59:58',11.00,36.00,6.000,82.00,3.39,7.94
'19 Mar - 03:00:58',11.00,36.00,6.000,82.00,3.39,7.94
'19 Mar - 03:01:58',11.00,36.00,6.000,82.00,3.39,7.94
'19 Mar - 03:02:58',11.00,36.00,6.000,82.00,3.39,7.94
'19 Mar - 03:03:58',11.00,36.00,6.000,82.00,3.39,7.87
'19 Mar - 03:04:58',11.00,36.00,6.000,82.00,3.39,7.87
'19 Mar - 03:05:58',11.00,36.00,6.000,82.00,3.39,7.87
'19 Mar - 03:06:58',11.00,36.00,6.000,82.00,3.39,7.87
'19 Mar - 03:07:58',11.00,36.00,6.000,82.00,3.39,7.87
'19 Mar - 03:08:58',11.00,36.00,6.000,82.00,3.39,7.87
'19 Mar - 03:09:58',11.00,36.00,6.000,82.00,3.39,7.87
'19 Mar - 03:10:58',11.00,36.00,6.000,82.00,3.39,7.87
'19 Mar - 03:11:58',11.00,36.00,6.000,82.00,3.39,7.87
'19 Mar - 03:12:58',11.00,36.00,6.000,82.00,3.39,7.87
'19 Mar - 03:13:58',11.00,36.00,6.000,82.00,3.39,7.87
'19 Mar - 03:14:58',11.00,36.00,6.000,82.00,3.39,7.87
'19 Mar - 03:15:58',11.00,36.00,6.000,82.00,3.39,7.87
'19 Mar - 03:16:58',11.00,36.00,6.000,82.00,3.39,7.87
'19 Mar - 03:17:58',11.00,36.00,6.000,82.00,3.39,7.87
'19 Mar - 03:18:58',11.00,36.00,6.000,82.00,3.39,7.87
'19 Mar - 03:19:58',11.00,36.00,6.000,82.00,3.39,7.87
'19 Mar - 03:20:58',11.00,37.00,6.000,82.00,3.39,7.87
'19 Mar - 03:21:58',11.00,36.00,6.000,83.00,3.39,7.87
'19 Mar - 03:22:58',11.00,36.00,6.000,83.00,3.39,7.87
'19 Mar - 03:23:58',11.00,36.00,6.000,83.00,3.39,7.87
'19 Mar - 03:24:58',11.00,36.00,6.000,83.00,3.39,7.87
'19 Mar - 03:25:58',11.00,37.00,6.000,83.00,3.39,7.87
'19 Mar - 03:26:58',11.00,37.00,6.000,83.00,3.39,7.87
'19 Mar - 03:27:58',11.00,36.00,6.000,83.00,3.39,7.87
'19 Mar - 03:28:58',11.00,36.00,6.000,83.00,3.39,7.87
'19 Mar - 03:29:58',11.00,36.00,6.000,83.00,3.39,7.87
'19 Mar - 03:30:58',11.00,36.00,6.000,83.00,3.39,7.87
'19 Mar - 03:31:58',11.00,36.00,6.000,83.00,3.39,7.87
'19 Mar - 03:32:58',11.00,36.00,6.000,83.00,3.39,7.87
'19 Mar - 03:33:58',11.00,36.00,6.000,83.00,3.39,7.87
'19 Mar - 03:34:58',11.00,36.00,6.000,83.00,3.39,7.87
'19 Mar - 03:35:58',11.00,36.00,6.000,83.00,3.39,7.87
'19 Mar - 03:36:58',11.00,36.00,6.000,83.00,3.39,7.87
'19 Mar - 03:37:58',11.00,36.00,6.000,83.00,3.39,7.87
'19 Mar - 03:38:58',11.00,36.00,6.000,83.00,3.39,7.94
'19 Mar - 03:39:58',11.00,36.00,6.000,83.00,3.39,7.94
'19 Mar - 03:40:58',11.00,36.00,6.000,83.00,3.39,7.94
'19 Mar - 03:41:58',11.00,36.00,6.000,83.00,3.39,7.87
'19 Mar - 03:42:58',11.00,36.00,6.000,83.00,3.39,7.94
'19 Mar - 03:43:58',11.00,36.00,6.000,83.00,3.39,7.87
'19 Mar - 03:44:58',11.00,36.00,6.000,83.00,3.39,7.87
'19 Mar - 03:45:58',11.00,36.00,6.000,83.00,3.39,7.87
'19 Mar - 03:46:58',11.00,36.00,6.000,83.00,3.39,7.94
'19 Mar - 03:47:58',11.00,36.00,6.000,83.00,3.39,7.94
'19 Mar - 03:48:58',11.00,36.00,6.000,83.00,3.39,7.94
'19 Mar - 03:49:58',11.00,36.00,6.000,83.00,3.39,7.94
'19 Mar - 03:50:58',11.00,36.00,6.000,83.00,3.39,7.94
'19 Mar - 03:51:58',11.00,36.00,6.000,83.00,3.39,7.94
'19 Mar - 03:52:58',11.00,36.00,6.000,83.00,3.39,7.94
'19 Mar - 03:53:58',11.00,36.00,6.000,83.00,3.39,7.94
'19 Mar - 03:54:58',11.00,36.00,6.000,83.00,3.39,7.94
'19 Mar - 03:55:58',11.00,36.00,6.000,83.00,3.39,7.94
'19 Mar - 03:56:58',11.00,36.00,6.000,83.00,3.39,7.94
'19 Mar - 03:57:58',11.00,36.00,6.000,83.00,3.39,7.94
'19 Mar - 03:58:58',11.00,36.00,6.000,83.00,3.39,7.94
'19 Mar - 03:59:58',11.00,36.00,6.000,83.00,3.39,7.94
'19 Mar - 04:00:58',11.00,36.00,6.000,83.00,3.39,7.87
'19 Mar - 04:01:58',11.00,36.00,6.000,83.00,3.39,7.87
'19 Mar - 04:02:58',11.00,36.00,6.000,83.00,3.39,7.87
'19 Mar - 04:03:58',11.00,36.00,6.000,83.00,3.39,7.87
'19 Mar - 04:04:58',11.00,36.00,6.000,83.00,3.39,7.87
'19 Mar - 04:05:58',11.00,36.00,6.000,83.00,3.39,7.87
'19 Mar - 04:06:58',11.00,36.00,6.000,83.00,3.39,7.87
'19 Mar - 04:07:58',11.00,36.00,6.000,83.00,3.39,7.87
'19 Mar - 04:08:58',11.00,36.00,6.000,83.00,3.39,7.87
'19 Mar - 04:09:58',11.00,37.00,5.000,83.00,3.39,7.81
'19 Mar - 04:10:58',11.00,36.00,5.000,83.00,3.39,7.87
'19 Mar - 04:11:58',11.00,36.00,6.000,83.00,3.40,7.87
'19 Mar - 04:12:58',11.00,36.00,5.000,83.00,3.39,7.87
'19 Mar - 04:13:58',11.00,37.00,5.000,83.00,3.39,7.87
'19 Mar - 04:14:58',11.00,37.00,5.000,83.00,3.39,7.87
'19 Mar - 04:15:58',11.00,36.00,5.000,83.00,3.39,7.87
'19 Mar - 04:16:58',11.00,36.00,5.000,83.00,3.40,7.87
'19 Mar - 04:17:58',11.00,36.00,5.000,83.00,3.40,7.81
'19 Mar - 04:18:58',11.00,36.00,5.000,83.00,3.39,7.81
'19 Mar - 04:19:58',11.00,36.00,6.000,83.00,3.39,7.81
'19 Mar - 04:20:58',11.00,36.00,6.000,84.00,3.39,7.81
'19 Mar - 04:21:58',11.00,36.00,5.000,84.00,3.39,7.81
'19 Mar - 04:22:58',11.00,36.00,6.000,84.00,3.40,7.81
'19 Mar - 04:23:58',11.00,36.00,5.000,84.00,3.39,7.81
'19 Mar - 04:24:58',11.00,36.00,5.000,84.00,3.39,7.81
'19 Mar - 04:25:58',11.00,36.00,6.000,84.00,3.39,7.81
'19 Mar - 04:26:58',11.00,36.00,5.000,84.00,3.39,7.81
'19 Mar - 04:27:58',11.00,36.00,5.000,84.00,3.39,7.81
'19 Mar - 04:28:58',11.00,36.00,5.000,84.00,3.39,7.81
'19 Mar - 04:29:58',11.00,36.00,5.000,84.00,3.39,7.81
'19 Mar - 04:30:58',11.00,37.00,5.000,84.00,3.39,7.75
'19 Mar - 04:31:58',11.00,36.00,5.000,84.00,3.39,7.75
'19 Mar - 04:32:58',11.00,36.00,5.000,84.00,3.39,7.75
'19 Mar - 04:33:58',11.00,36.00,5.000,84.00,3.39,7.81
'19 Mar - 04:34:58',11.00,36.00,5.000,84.00,3.39,7.81
'19 Mar - 04:35:58',11.00,37.00,5.000,84.00,3.39,7.75
'19 Mar - 04:36:58',11.00,36.00,5.000,84.00,3.39,7.75
'19 Mar - 04:37:58',11.00,37.00,5.000,84.00,3.39,7.75
'19 Mar - 04:38:58',11.00,36.00,5.000,84.00,3.39,7.75
'19 Mar - 04:39:58',11.00,36.00,5.000,84.00,3.39,7.75
'19 Mar - 04:40:58',11.00,36.00,5.000,84.00,3.39,7.75
'19 Mar - 04:41:58',11.00,36.00,5.000,84.00,3.39,7.69
'19 Mar - 04:42:58',11.00,36.00,5.000,84.00,3.39,7.69
'19 Mar - 04:43:58',11.00,36.00,5.000,84.00,3.39,7.69
'19 Mar - 04:44:58',11.00,36.00,5.000,84.00,3.39,7.75
'19 Mar - 04:45:58',11.00,36.00,5.000,85.00,3.39,7.75
'19 Mar - 04:46:58',11.00,36.00,5.000,85.00,3.39,7.69
'19 Mar - 04:47:58',11.00,36.00,5.000,85.00,3.39,7.75
'19 Mar - 04:48:58',11.00,36.00,5.000,85.00,3.40,7.69
'19 Mar - 04:49:58',11.00,36.00,5.000,85.00,3.39,7.75
'19 Mar - 04:50:58',11.00,36.00,5.000,85.00,3.39,7.75
'19 Mar - 04:51:58',11.00,36.00,5.000,85.00,3.40,7.69
'19 Mar - 04:52:58',11.00,36.00,5.000,85.00,3.39,7.75
'19 Mar - 04:53:58',11.00,36.00,5.000,85.00,3.39,7.69
'19 Mar - 04:54:58',11.00,37.00,5.000,85.00,3.39,7.69
'19 Mar - 04:55:58',11.00,36.00,5.000,85.00,3.39,7.75
'19 Mar - 04:56:58',11.00,37.00,5.000,85.00,3.39,7.75
'19 Mar - 04:57:58',11.00,36.00,5.000,85.00,3.39,7.75
'19 Mar - 04:58:58',11.00,36.00,5.000,85.00,3.39,7.69
'19 Mar - 04:59:58',11.00,36.00,5.000,85.00,3.39,7.69
'19 Mar - 05:00:58',11.00,37.00,5.000,85.00,3.39,7.69
'19 Mar - 05:01:58',11.00,36.00,5.000,85.00,3.39,7.69
'19 Mar - 05:02:58',11.00,36.00,5.000,85.00,3.39,7.69
'19 Mar - 05:03:58',11.00,36.00,5.000,85.00,3.39,7.62
'19 Mar - 05:04:58',11.00,36.00,5.000,85.00,3.39,7.69
'19 Mar - 05:05:58',11.00,36.00,5.000,85.00,3.39,7.62
'19 Mar - 05:06:58',11.00,36.00,5.000,85.00,3.39,7.62
'19 Mar - 05:07:58',11.00,36.00,6.000,85.00,3.39,7.62
'19 Mar - 05:08:58',11.00,37.00,5.000,85.00,3.39,7.69
'19 Mar - 05:09:58',11.00,36.00,5.000,85.00,3.39,7.62
'19 Mar - 05:10:58',11.00,37.00,5.000,85.00,3.39,7.69
'19 Mar - 05:11:58',11.00,36.00,5.000,85.00,3.39,7.69
'19 Mar - 05:12:58',11.00,36.00,5.000,85.00,3.39,7.69
'19 Mar - 05:13:58',11.00,37.00,5.000,85.00,3.40,7.69
'19 Mar - 05:14:58',11.00,36.00,5.000,85.00,3.39,7.62
'19 Mar - 05:15:58',11.00,36.00,5.000,85.00,3.40,7.62
'19 Mar - 05:16:58',11.00,37.00,5.000,85.00,3.39,7.62
'19 Mar - 05:17:58',11.00,36.00,5.000,85.00,3.39,7.62
'19 Mar - 05:18:58',11.00,36.00,5.000,85.00,3.39,7.62
'19 Mar - 05:19:58',11.00,37.00,11.11,11.11,3.39,7.62
'19 Mar - 05:20:58',11.00,37.00,5.000,85.00,3.39,7.62
'19 Mar - 05:21:58',11.00,37.00,5.000,85.00,3.39,7.69
'19 Mar - 05:22:58',11.00,36.00,5.000,85.00,3.39,7.62
'19 Mar - 05:23:58',11.00,36.00,5.000,85.00,3.39,7.62
'19 Mar - 05:24:58',11.00,36.00,5.000,85.00,3.39,7.62
'19 Mar - 05:25:58',11.00,36.00,5.000,85.00,3.39,7.62
'19 Mar - 05:26:58',11.00,37.00,5.000,85.00,3.39,7.62
'19 Mar - 05:27:58',11.00,36.00,5.000,85.00,3.39,7.62
'19 Mar - 05:28:58',11.00,36.00,5.000,85.00,3.39,7.62
'19 Mar - 05:29:58',11.00,36.00,5.000,85.00,3.39,7.62
'19 Mar - 05:30:58',11.00,36.00,5.000,85.00,3.39,7.62
'19 Mar - 05:31:58',11.00,36.00,5.000,85.00,3.39,7.62
'19 Mar - 05:32:58',11.00,36.00,5.000,85.00,3.39,7.62
'19 Mar - 05:33:58',11.00,36.00,5.000,85.00,3.39,7.56
'19 Mar - 05:34:58',11.00,36.00,5.000,85.00,3.39,7.56
'19 Mar - 05:35:58',11.00,36.00,5.000,85.00,3.39,7.56
'19 Mar - 05:36:58',11.00,36.00,5.000,85.00,3.39,7.56
'19 Mar - 05:37:58',11.00,36.00,5.000,85.00,3.39,7.56
'19 Mar - 05:38:58',11.00,36.00,5.000,85.00,3.39,7.56
'19 Mar - 05:39:58',11.00,36.00,5.000,86.00,3.39,7.56
'19 Mar - 05:40:58',11.00,37.00,5.000,86.00,3.39,7.56
'19 Mar - 05:41:58',11.00,36.00,5.000,86.00,3.39,7.56
'19 Mar - 05:42:58',11.00,37.00,5.000,86.00,3.39,7.56
'19 Mar - 05:43:58',11.00,37.00,5.000,86.00,3.39,7.56
'19 Mar - 05:44:58',11.00,36.00,5.000,86.00,3.39,7.56
'19 Mar - 05:45:58',11.00,37.00,5.000,86.00,3.39,7.50
'19 Mar - 05:46:58',11.00,36.00,5.000,86.00,3.39,7.56
'19 Mar - 05:47:58',11.00,36.00,5.000,86.00,3.39,7.50
'19 Mar - 05:48:58',11.00,37.00,5.000,86.00,3.39,7.56
'19 Mar - 05:49:58',11.00,36.00,5.000,86.00,3.39,7.50
'19 Mar - 05:50:58',11.00,36.00,5.000,86.00,3.39,7.56
'19 Mar - 05:51:58',11.00,36.00,5.000,86.00,3.39,7.56
'19 Mar - 05:52:58',11.00,36.00,5.000,86.00,3.39,7.50
'19 Mar - 05:53:58',11.00,36.00,5.000,86.00,3.39,7.50
'19 Mar - 05:54:58',11.00,36.00,5.000,86.00,3.39,7.50
'19 Mar - 05:55:58',11.00,36.00,5.000,86.00,3.39,7.50
'19 Mar - 05:56:58',11.00,37.00,5.000,86.00,3.39,7.50
'19 Mar - 05:57:58',11.00,37.00,5.000,86.00,3.39,7.50
'19 Mar - 05:58:58',11.00,36.00,5.000,86.00,3.39,7.50
'19 Mar - 05:59:58',11.00,36.00,5.000,86.00,3.39,7.50
'19 Mar - 06:00:58',11.00,36.00,5.000,86.00,3.39,7.50
'19 Mar - 06:01:58',11.00,36.00,5.000,86.00,3.39,7.50
'19 Mar - 06:02:58',11.00,37.00,5.000,86.00,3.39,7.50
'19 Mar - 06:03:58',11.00,36.00,5.000,86.00,3.39,7.50
'19 Mar - 06:04:58',11.00,36.00,5.000,86.00,3.39,7.50
'19 Mar - 06:05:58',11.00,37.00,5.000,86.00,3.39,7.50
'19 Mar - 06:06:58',11.00,36.00,5.000,86.00,3.39,7.50
'19 Mar - 06:07:58',11.00,36.00,5.000,86.00,3.39,7.50
'19 Mar - 06:08:58',11.00,36.00,5.000,86.00,3.39,7.50
'19 Mar - 06:09:58',11.00,37.00,5.000,86.00,3.39,7.50
'19 Mar - 06:10:58',11.00,36.00,5.000,86.00,3.39,7.50
'19 Mar - 06:11:58',11.00,36.00,5.000,86.00,3.39,7.50
'19 Mar - 06:12:58',11.00,36.00,5.000,86.00,3.39,7.56
'19 Mar - 06:13:58',11.00,37.00,5.000,86.00,3.39,7.50
'19 Mar - 06:14:58',11.00,36.00,5.000,86.00,3.40,7.50
'19 Mar - 06:15:58',11.00,37.00,5.000,86.00,3.39,7.50
'19 Mar - 06:16:58',11.00,36.00,5.000,86.00,3.39,7.50
'19 Mar - 06:17:58',11.00,36.00,5.000,86.00,3.39,7.56
'19 Mar - 06:18:58',11.00,36.00,5.000,87.00,3.39,7.56
'19 Mar - 06:19:58',11.00,36.00,5.000,87.00,3.39,7.50
'19 Mar - 06:20:58',11.00,37.00,5.000,87.00,3.39,7.50
'19 Mar - 06:21:58',11.00,36.00,5.000,87.00,3.39,7.56
'19 Mar - 06:22:58',11.00,36.00,5.000,87.00,3.39,7.56
'19 Mar - 06:23:58',11.00,36.00,5.000,87.00,3.39,7.56
'19 Mar - 06:24:58',11.00,36.00,5.000,87.00,3.39,7.56
'19 Mar - 06:25:58',11.00,37.00,5.000,87.00,3.39,7.56
'19 Mar - 06:26:58',11.00,36.00,5.000,87.00,3.39,7.56
'19 Mar - 06:27:58',11.00,37.00,5.000,87.00,3.39,7.56
'19 Mar - 06:28:58',11.00,36.00,5.000,87.00,3.39,7.56
'19 Mar - 06:29:58',11.00,37.00,5.000,87.00,3.39,7.56
'19 Mar - 06:30:58',11.00,36.00,5.000,87.00,3.39,7.56
'19 Mar - 06:31:58',11.00,36.00,5.000,88.00,3.39,7.56
'19 Mar - 06:32:58',11.00,36.00,5.000,88.00,3.39,7.56
'19 Mar - 06:33:58',11.00,37.00,5.000,88.00,3.39,7.56
'19 Mar - 06:34:58',11.00,36.00,5.000,88.00,3.39,7.56
'19 Mar - 06:35:58',11.00,37.00,5.000,88.00,3.39,7.56
'19 Mar - 06:36:58',11.00,36.00,5.000,88.00,3.39,7.56
'19 Mar - 06:37:58',11.00,36.00,5.000,88.00,3.39,7.56
'19 Mar - 06:38:58',11.00,37.00,5.000,88.00,3.39,7.50
'19 Mar - 06:39:58',11.00,36.00,5.000,88.00,3.39,7.50
'19 Mar - 06:40:58',11.00,36.00,5.000,88.00,3.39,7.56
'19 Mar - 06:41:58',11.00,36.00,5.000,88.00,3.39,7.56
'19 Mar - 06:42:58',11.00,36.00,5.000,88.00,3.39,7.50
'19 Mar - 06:43:58',11.00,36.00,5.000,88.00,3.39,7.56
'19 Mar - 06:44:58',11.00,36.00,5.000,88.00,3.39,7.56
'19 Mar - 06:45:58',11.00,36.00,5.000,88.00,3.39,7.50
'19 Mar - 06:46:58',11.00,37.00,6.000,88.00,3.39,7.50
'19 Mar - 06:47:58',11.00,37.00,5.000,88.00,3.39,7.50
'19 Mar - 06:48:58',11.00,36.00,6.000,88.00,3.39,7.50
'19 Mar - 06:49:58',11.00,36.00,5.000,88.00,3.39,7.50
'19 Mar - 06:50:58',11.00,36.00,6.000,88.00,3.39,7.50
'19 Mar - 06:51:58',11.00,37.00,6.000,88.00,3.39,7.50
'19 Mar - 06:52:58',11.00,36.00,6.000,88.00,3.39,7.50
'19 Mar - 06:53:58',11.00,36.00,6.000,88.00,3.39,7.50
'19 Mar - 06:54:58',11.00,36.00,6.000,88.00,3.39,7.50
'19 Mar - 06:55:58',11.00,37.00,6.000,88.00,3.39,7.50
'19 Mar - 06:56:58',11.00,36.00,6.000,88.00,3.39,7.56
'19 Mar - 06:57:58',11.00,36.00,6.000,88.00,3.39,7.50
'19 Mar - 06:58:58',11.00,36.00,6.000,88.00,3.39,7.56
'19 Mar - 06:59:58',11.00,36.00,6.000,88.00,3.39,7.50
'19 Mar - 07:00:58',11.00,36.00,6.000,88.00,3.39,7.50
'19 Mar - 07:01:58',11.00,37.00,6.000,88.00,3.39,7.50
'19 Mar - 07:02:58',11.00,36.00,6.000,88.00,3.39,7.50
'19 Mar - 07:03:58',11.00,36.00,6.000,88.00,3.39,7.50
'19 Mar - 07:04:58',11.00,37.00,6.000,88.00,3.39,7.50
'19 Mar - 07:05:58',11.00,36.00,6.000,88.00,3.39,7.50
'19 Mar - 07:06:58',11.00,36.00,6.000,88.00,3.39,7.56
'19 Mar - 07:07:58',11.00,36.00,6.000,88.00,3.39,7.56
'19 Mar - 07:08:58',11.00,36.00,6.000,88.00,3.39,7.56
'19 Mar - 07:09:58',11.00,37.00,6.000,88.00,3.39,7.56
'19 Mar - 07:10:58',11.00,37.00,6.000,88.00,3.39,7.56
'19 Mar - 07:11:58',11.00,36.00,6.000,88.00,3.39,7.62
'19 Mar - 07:12:58',11.00,37.00,6.000,88.00,3.39,7.56
'19 Mar - 07:13:58',11.00,36.00,6.000,88.00,3.39,7.56
'19 Mar - 07:14:58',11.00,36.00,6.000,88.00,3.39,7.56
'19 Mar - 07:15:58',11.00,36.00,6.000,88.00,3.39,7.56
'19 Mar - 07:16:58',11.00,36.00,6.000,88.00,3.39,7.56
'19 Mar - 07:17:58',11.00,36.00,6.000,88.00,3.39,7.56
'19 Mar - 07:18:58',11.00,36.00,6.000,88.00,3.39,7.62
'19 Mar - 07:19:58',11.00,36.00,6.000,88.00,3.39,7.62
'19 Mar - 07:20:58',11.00,37.00,6.000,88.00,3.39,7.62
'19 Mar - 07:21:58',11.00,36.00,6.000,88.00,3.39,7.62
'19 Mar - 07:22:58',11.00,36.00,6.000,88.00,3.39,7.62
'19 Mar - 07:23:58',11.00,36.00,6.000,88.00,3.39,7.56
'19 Mar - 07:24:58',11.00,36.00,6.000,88.00,3.39,7.62
'19 Mar - 07:25:58',11.00,36.00,6.000,88.00,3.39,7.62
'19 Mar - 07:26:58',11.00,36.00,7.000,87.00,3.39,7.62
'19 Mar - 07:27:58',11.00,36.00,7.000,87.00,3.39,7.62
'19 Mar - 07:28:58',11.00,36.00,7.000,87.00,3.39,7.62
'19 Mar - 07:29:58',11.00,36.00,7.000,87.00,3.39,7.62
'19 Mar - 07:30:58',11.00,36.00,7.000,87.00,3.39,7.62
'19 Mar - 07:31:58',11.00,36.00,7.000,87.00,3.39,7.62
'19 Mar - 07:32:58',11.00,36.00,7.000,87.00,3.39,7.62
'19 Mar - 07:33:58',11.00,36.00,7.000,87.00,3.39,7.62
'19 Mar - 07:34:58',11.00,37.00,7.000,87.00,3.39,7.62
'19 Mar - 07:35:58',11.00,37.00,7.000,87.00,3.39,7.69
'19 Mar - 07:36:58',11.00,36.00,7.000,87.00,3.39,7.69
'19 Mar - 07:37:58',11.00,36.00,7.000,87.00,3.39,7.69
'19 Mar - 07:38:58',11.00,36.00,7.000,87.00,3.39,7.69
'19 Mar - 07:39:58',11.00,37.00,7.000,87.00,3.39,7.69
'19 Mar - 07:40:58',11.00,36.00,7.000,87.00,3.39,7.69
'19 Mar - 07:41:58',11.00,36.00,7.000,87.00,3.39,7.69
'19 Mar - 07:42:58',11.00,36.00,7.000,87.00,3.39,7.69
'19 Mar - 07:43:58',11.00,36.00,7.000,87.00,3.39,7.75
'19 Mar - 07:44:58',11.00,36.00,7.000,87.00,3.39,7.75
'19 Mar - 07:45:58',11.00,37.00,7.000,87.00,3.39,7.75
'19 Mar - 07:46:58',11.00,37.00,7.000,87.00,3.39,7.75
'19 Mar - 07:47:58',11.00,37.00,7.000,87.00,3.39,7.75
'19 Mar - 07:48:58',11.00,37.00,7.000,87.00,3.39,7.75
'19 Mar - 07:49:58',11.00,36.00,7.000,87.00,3.40,7.75
'19 Mar - 07:50:58',11.00,36.00,7.000,87.00,3.39,7.75
'19 Mar - 07:51:58',11.00,36.00,7.000,87.00,3.39,7.75
'19 Mar - 07:52:58',11.00,37.00,7.000,87.00,3.39,7.81
'19 Mar - 07:53:58',11.00,36.00,7.000,87.00,3.39,7.81
'19 Mar - 07:54:58',11.00,36.00,7.000,87.00,3.39,7.81
'19 Mar - 07:55:58',11.00,36.00,7.000,87.00,3.39,7.81
'19 Mar - 07:56:58',11.00,36.00,7.000,87.00,3.39,7.81
'19 Mar - 07:57:58',11.00,37.00,7.000,86.00,3.39,7.81
'19 Mar - 07:58:58',11.00,36.00,7.000,86.00,3.39,7.81
'19 Mar - 07:59:58',11.00,36.00,7.000,86.00,3.40,7.81
'19 Mar - 08:00:58',11.00,37.00,7.000,85.00,3.39,7.87
'19 Mar - 08:01:58',11.00,36.00,7.000,85.00,3.39,7.87
'19 Mar - 08:02:58',11.00,37.00,8.000,85.00,3.39,7.87
'19 Mar - 08:03:58',11.00,36.00,8.000,85.00,3.39,7.87
'19 Mar - 08:04:58',11.00,36.00,8.000,85.00,3.39,7.87
'19 Mar - 08:05:58',11.00,36.00,8.000,85.00,3.40,7.87
'19 Mar - 08:06:58',11.00,36.00,8.000,85.00,3.39,7.87
'19 Mar - 08:07:58',11.00,36.00,8.000,85.00,3.39,7.94
'19 Mar - 08:08:58',11.00,36.00,8.000,85.00,3.40,7.87
'19 Mar - 08:09:58',11.00,36.00,8.000,85.00,3.39,7.94
'19 Mar - 08:10:58',11.00,36.00,8.000,84.00,3.39,7.94
'19 Mar - 08:11:58',11.00,36.00,8.000,84.00,3.39,7.94
'19 Mar - 08:12:58',11.00,36.00,8.000,84.00,3.39,7.94
'19 Mar - 08:13:58',11.00,36.00,8.000,84.00,3.39,7.94
'19 Mar - 08:14:58',11.00,37.00,8.000,84.00,3.39,7.94
'19 Mar - 08:15:58',11.00,36.00,8.000,84.00,3.39,8.00
'19 Mar - 08:16:58',11.00,37.00,8.000,84.00,3.39,8.00
'19 Mar - 08:17:58',11.00,36.00,8.000,84.00,3.39,8.00
'19 Mar - 08:18:58',11.00,36.00,8.000,84.00,3.39,8.00
'19 Mar - 08:19:58',11.00,36.00,8.000,83.00,3.39,8.00
'19 Mar - 08:20:58',11.00,37.00,8.000,83.00,3.39,8.00
'19 Mar - 08:21:58',11.00,37.00,8.000,83.00,3.39,8.00
'19 Mar - 08:22:58',11.00,36.00,8.000,83.00,3.39,8.06
'19 Mar - 08:23:58',11.00,37.00,8.000,83.00,3.39,8.00
'19 Mar - 08:24:58',11.00,36.00,8.000,83.00,3.39,8.06
'19 Mar - 08:25:58',11.00,37.00,8.000,83.00,3.39,8.06
'19 Mar - 08:26:58',11.00,37.00,8.000,82.00,3.40,8.06
'19 Mar - 08:27:58',11.00,36.00,8.000,82.00,3.39,8.06
'19 Mar - 08:28:58',11.00,37.00,9.000,81.00,3.39,8.06
'19 Mar - 08:29:58',11.00,37.00,9.000,81.00,3.39,8.06
'19 Mar - 08:30:58',11.00,37.00,9.000,81.00,3.39,8.06
'19 Mar - 08:31:58',11.00,36.00,9.000,80.00,3.39,8.13
'19 Mar - 08:32:58',11.00,37.00,9.000,80.00,3.39,8.13
'19 Mar - 08:33:58',11.00,37.00,9.000,80.00,3.39,8.13
'19 Mar - 08:34:58',11.00,36.00,9.000,80.00,3.39,8.13
'19 Mar - 08:35:58',11.00,36.00,9.000,80.00,3.40,8.13
'19 Mar - 08:36:58',11.00,36.00,9.000,80.00,3.39,8.19
'19 Mar - 08:37:58',11.00,37.00,9.000,80.00,3.40,8.19
'19 Mar - 08:38:58',11.00,37.00,9.000,79.00,3.39,8.19
'19 Mar - 08:39:58',11.00,36.00,9.000,79.00,3.40,8.19
'19 Mar - 08:40:58',11.00,37.00,9.000,79.00,3.39,8.25
'19 Mar - 08:41:58',11.00,37.00,9.000,79.00,3.39,8.25
'19 Mar - 08:42:58',11.00,36.00,9.000,79.00,3.39,8.19
'19 Mar - 08:43:58',11.00,37.00,9.000,78.00,3.39,8.25
'19 Mar - 08:44:58',11.00,36.00,9.000,78.00,3.39,8.25
'19 Mar - 08:45:58',11.00,36.00,9.000,78.00,3.39,8.31
'19 Mar - 08:46:58',11.00,37.00,9.000,78.00,3.39,8.31
'19 Mar - 08:47:58',11.00,36.00,9.000,77.00,3.39,8.31
'19 Mar - 08:48:58',11.00,36.00,9.000,77.00,3.39,8.31
'19 Mar - 08:49:58',11.00,36.00,9.000,77.00,3.39,8.31
'19 Mar - 08:51:02',11.00,36.00,9.000,77.00,3.39,8.31
'19 Mar - 08:52:02',11.00,37.00,9.000,76.00,3.39,8.31
'19 Mar - 08:53:02',11.00,36.00,9.000,76.00,3.39,8.38
'19 Mar - 08:54:02',11.00,37.00,10.00,76.00,3.39,8.31
'19 Mar - 08:55:02',11.00,37.00,10.00,76.00,3.39,8.38
'19 Mar - 08:56:02',11.00,37.00,10.00,75.00,3.39,8.38
'19 Mar - 08:57:02',11.00,37.00,10.00,75.00,3.39,8.38
'19 Mar - 08:58:02',11.00,37.00,10.00,75.00,3.39,8.38
'19 Mar - 08:59:02',11.00,36.00,10.00,75.00,3.39,8.44
'19 Mar - 09:00:02',11.00,36.00,10.00,74.00,3.39,8.56
'19 Mar - 09:01:02',11.00,37.00,10.00,74.00,3.39,9.81
'19 Mar - 09:02:02',11.00,36.00,10.00,74.00,3.39,11.63
'19 Mar - 09:03:02',11.00,37.00,10.00,73.00,3.39,13.69
'19 Mar - 09:04:02',11.00,36.00,10.00,73.00,3.39,15.81
'19 Mar - 09:05:02',11.00,37.00,10.00,72.00,3.39,17.94
'19 Mar - 09:06:02',11.00,37.00,10.00,72.00,3.39,20.00
'19 Mar - 09:07:02',11.00,36.00,10.00,71.00,3.39,22.19
'19 Mar - 09:08:02',11.00,37.00,11.00,70.00,3.39,24.37
'19 Mar - 09:09:02',11.00,36.00,11.00,69.00,3.39,26.62
'19 Mar - 09:10:02',12.00,36.00,11.00,69.00,3.39,28.69
'19 Mar - 09:11:02',12.00,36.00,11.00,68.00,3.39,30.50
'19 Mar - 09:12:02',12.00,36.00,11.00,67.00,3.39,32.19
'19 Mar - 09:13:02',12.00,37.00,11.00,67.00,3.39,33.75
'19 Mar - 09:14:02',12.00,36.00,11.00,66.00,3.39,35.19
'19 Mar - 09:15:02',12.00,37.00,11.00,66.00,3.40,36.56
'19 Mar - 09:16:02',12.00,37.00,11.00,66.00,3.39,37.81
'19 Mar - 09:17:02',12.00,37.00,11.00,65.00,3.39,38.94
'19 Mar - 09:18:02',12.00,37.00,11.00,65.00,3.39,39.81
'19 Mar - 09:19:02',13.00,36.00,11.00,64.00,3.39,40.31
'19 Mar - 09:20:02',13.00,36.00,11.00,64.00,3.39,40.56
'19 Mar - 09:21:02',13.00,36.00,11.00,63.00,3.39,40.56
'19 Mar - 09:22:02',13.00,36.00,11.00,63.00,3.39,40.44
'19 Mar - 09:23:02',13.00,36.00,11.00,62.00,3.39,40.38
'19 Mar - 09:24:02',13.00,36.00,11.00,62.00,3.39,40.56
'19 Mar - 09:25:02',13.00,36.00,11.00,62.00,3.39,40.94
'19 Mar - 09:26:02',13.00,36.00,11.00,61.00,3.39,41.50
'19 Mar - 09:27:02',13.00,36.00,11.00,61.00,3.39,42.00
'19 Mar - 09:28:02',13.00,36.00,11.00,61.00,3.39,42.56
'19 Mar - 09:29:02',13.00,36.00,11.00,60.00,3.39,43.00
'19 Mar - 09:30:02',13.00,36.00,11.00,60.00,3.39,43.19
'19 Mar - 09:31:02',14.00,36.00,11.00,59.00,3.39,43.19
'19 Mar - 09:32:02',14.00,36.00,11.00,59.00,3.39,43.00
'19 Mar - 09:33:02',14.00,36.00,11.00,59.00,3.39,42.62
'19 Mar - 09:34:02',14.00,36.00,11.00,58.00,3.39,42.19
'19 Mar - 09:35:02',14.00,36.00,11.00,58.00,3.39,41.75
'19 Mar - 09:36:02',14.00,36.00,11.00,57.00,3.39,41.50
'19 Mar - 09:37:02',14.00,36.00,11.00,56.00,3.39,41.56
'19 Mar - 09:38:02',14.00,36.00,11.00,55.00,3.39,41.88
'19 Mar - 09:39:02',14.00,36.00,11.00,54.00,3.39,42.31
'19 Mar - 09:40:02',14.00,36.00,11.00,54.00,3.39,42.69
'19 Mar - 09:41:02',14.00,36.00,11.00,53.00,3.39,43.19
'19 Mar - 09:42:02',14.00,36.00,11.00,53.00,3.39,43.50
'19 Mar - 09:43:02',14.00,36.00,12.00,52.00,3.39,43.63
'19 Mar - 09:44:02',14.00,36.00,12.00,52.00,3.39,43.63
'19 Mar - 09:45:02',14.00,36.00,12.00,51.00,3.39,43.38
'19 Mar - 09:46:02',14.00,36.00,11.00,50.00,3.39,43.00
'19 Mar - 09:47:02',14.00,36.00,11.00,50.00,3.39,42.56
'19 Mar - 09:48:02',14.00,36.00,12.00,50.00,3.39,42.13
'19 Mar - 09:49:02',14.00,36.00,12.00,50.00,3.39,41.94
'19 Mar - 09:50:02',14.00,36.00,12.00,50.00,3.39,42.06
'19 Mar - 09:51:02',14.00,36.00,12.00,50.00,3.39,42.31
'19 Mar - 09:52:02',14.00,36.00,12.00,49.00,3.39,42.75
'19 Mar - 09:53:02',14.00,36.00,12.00,49.00,3.39,43.13
'19 Mar - 09:54:02',14.00,36.00,12.00,49.00,3.39,43.63
'19 Mar - 09:55:02',14.00,36.00,12.00,49.00,3.39,43.87
'19 Mar - 09:56:02',14.00,36.00,12.00,49.00,3.39,43.94
'19 Mar - 09:57:02',14.00,36.00,12.00,49.00,3.39,43.75
'19 Mar - 09:58:02',14.00,36.00,12.00,48.00,3.39,43.44
'19 Mar - 09:59:02',14.00,36.00,12.00,48.00,3.39,43.06
'19 Mar - 10:00:02',14.00,36.00,12.00,48.00,3.39,42.56
'19 Mar - 10:01:02',14.00,36.00,12.00,48.00,3.39,42.19
'19 Mar - 10:02:02',14.00,36.00,12.00,47.00,3.39,42.06
'19 Mar - 10:03:02',14.00,36.00,12.00,47.00,3.39,42.25
'19 Mar - 10:04:02',15.00,35.00,12.00,47.00,3.39,42.56
'19 Mar - 10:05:02',15.00,35.00,12.00,47.00,3.39,43.06
'19 Mar - 10:06:02',15.00,35.00,12.00,47.00,3.39,43.56
'19 Mar - 10:07:02',15.00,35.00,12.00,47.00,3.39,43.94
'19 Mar - 10:08:02',15.00,35.00,12.00,46.00,3.39,44.19
'19 Mar - 10:09:02',15.00,35.00,12.00,46.00,3.39,44.13
'19 Mar - 10:10:02',15.00,35.00,12.00,46.00,3.39,43.94
'19 Mar - 10:11:02',15.00,35.00,12.00,46.00,3.39,43.63
'19 Mar - 10:12:02',15.00,35.00,12.00,45.00,3.39,43.19
'19 Mar - 10:13:02',15.00,35.00,12.00,45.00,3.39,42.81
'19 Mar - 10:14:02',15.00,35.00,12.00,45.00,3.39,42.44
'19 Mar - 10:15:02',15.00,35.00,12.00,44.00,3.39,42.50
'19 Mar - 10:16:02',15.00,35.00,12.00,44.00,3.39,42.81
'19 Mar - 10:17:02',15.00,35.00,12.00,44.00,3.39,43.00
'19 Mar - 10:18:02',15.00,35.00,12.00,44.00,3.39,43.19
'19 Mar - 10:19:02',15.00,35.00,12.00,44.00,3.39,43.31
'19 Mar - 10:20:02',15.00,35.00,12.00,44.00,3.39,43.50
'19 Mar - 10:21:02',15.00,35.00,12.00,44.00,3.39,43.69
'19 Mar - 10:22:02',15.00,35.00,12.00,44.00,3.39,43.94
'19 Mar - 10:23:02',15.00,35.00,12.00,44.00,3.39,44.19
'19 Mar - 10:24:02',15.00,35.00,12.00,44.00,3.39,44.44
'19 Mar - 10:25:02',15.00,35.00,12.00,44.00,3.39,44.69
'19 Mar - 10:26:02',15.00,35.00,12.00,44.00,3.39,44.75
'19 Mar - 10:27:02',15.00,35.00,12.00,44.00,3.39,44.56
'19 Mar - 10:28:02',15.00,35.00,12.00,44.00,3.39,44.38
'19 Mar - 10:29:02',15.00,35.00,12.00,44.00,3.39,43.87
'19 Mar - 10:30:02',15.00,35.00,12.00,44.00,3.39,43.44
'19 Mar - 10:31:02',15.00,35.00,12.00,44.00,3.39,43.00
'19 Mar - 10:32:02',15.00,35.00,12.00,44.00,3.39,42.62
'19 Mar - 10:33:02',15.00,35.00,12.00,44.00,3.39,42.25
'19 Mar - 10:34:02',15.00,35.00,12.00,44.00,3.39,42.00
'19 Mar - 10:35:02',15.00,35.00,12.00,44.00,3.39,41.56
'19 Mar - 10:36:02',15.00,35.00,12.00,44.00,3.39,41.13
'19 Mar - 10:37:02',15.00,35.00,12.00,44.00,3.39,40.63
'19 Mar - 10:38:02',15.00,35.00,12.00,44.00,3.39,40.06
'19 Mar - 10:39:02',15.00,35.00,12.00,44.00,3.39,39.50
'19 Mar - 10:40:02',15.00,35.00,12.00,44.00,3.39,38.88
'19 Mar - 10:41:02',15.00,35.00,12.00,44.00,3.39,38.31
'19 Mar - 10:42:02',15.00,35.00,12.00,44.00,3.39,37.81
'19 Mar - 10:43:02',15.00,35.00,12.00,44.00,3.39,37.31
'19 Mar - 10:44:02',15.00,35.00,12.00,43.00,3.39,36.81
'19 Mar - 10:45:02',15.00,35.00,12.00,43.00,3.39,36.38
'19 Mar - 10:46:02',15.00,35.00,12.00,43.00,3.39,35.81
'19 Mar - 10:47:02',15.00,35.00,12.00,43.00,3.40,35.38
'19 Mar - 10:48:02',15.00,35.00,12.00,43.00,3.39,34.94
'19 Mar - 10:49:02',15.00,35.00,12.00,43.00,3.39,34.50
'19 Mar - 10:50:02',15.00,35.00,12.00,43.00,3.39,34.06
'19 Mar - 10:51:02',15.00,35.00,12.00,43.00,3.39,33.56
'19 Mar - 10:52:02',15.00,35.00,12.00,43.00,3.39,33.13
'19 Mar - 10:53:02',15.00,35.00,12.00,43.00,3.39,32.75
'19 Mar - 10:54:02',15.00,35.00,12.00,43.00,3.39,32.38
'19 Mar - 10:55:02',15.00,35.00,12.00,43.00,3.39,31.94
'19 Mar - 10:56:02',15.00,35.00,12.00,43.00,3.39,31.50
'19 Mar - 10:57:02',15.00,35.00,12.00,43.00,3.39,30.94
'19 Mar - 10:58:02',15.00,35.00,12.00,43.00,3.39,30.44
'19 Mar - 10:59:02',15.00,35.00,12.00,43.00,3.39,30.12
'19 Mar - 11:00:02',15.00,35.00,12.00,43.00,3.39,29.81
'19 Mar - 11:01:02',15.00,35.00,12.00,43.00,3.39,29.44
'19 Mar - 11:02:02',15.00,35.00,12.00,43.00,3.39,29.06
'19 Mar - 11:03:02',15.00,35.00,12.00,43.00,3.39,28.62
'19 Mar - 11:04:02',15.00,35.00,12.00,43.00,3.39,28.31
'19 Mar - 11:05:02',15.00,35.00,12.00,43.00,3.40,28.00
'19 Mar - 11:06:02',15.00,35.00,12.00,43.00,3.39,27.69
'19 Mar - 11:07:02',15.00,35.00,12.00,43.00,3.39,27.37
'19 Mar - 11:08:02',15.00,35.00,13.00,43.00,3.39,27.06
'19 Mar - 11:09:02',15.00,35.00,12.00,43.00,3.39,26.75
'19 Mar - 11:10:02',15.00,35.00,12.00,43.00,3.39,26.50
'19 Mar - 11:11:02',15.00,35.00,12.00,43.00,3.39,26.25
'19 Mar - 11:12:02',15.00,35.00,12.00,43.00,3.39,25.94
'19 Mar - 11:13:02',15.00,35.00,12.00,43.00,3.40,25.69
'19 Mar - 11:14:02',15.00,35.00,12.00,43.00,3.40,25.44
'19 Mar - 11:15:02',14.00,36.00,12.00,43.00,3.39,25.19
'19 Mar - 11:16:02',14.00,36.00,12.00,43.00,3.39,25.00
'19 Mar - 11:17:02',15.00,35.00,12.00,43.00,3.39,24.81
'19 Mar - 11:18:02',14.00,36.00,12.00,43.00,3.39,24.56
'19 Mar - 11:19:02',14.00,36.00,12.00,43.00,3.39,24.31
'19 Mar - 11:20:02',14.00,36.00,12.00,43.00,3.40,24.00
'19 Mar - 11:21:02',14.00,36.00,12.00,43.00,3.40,23.87
'19 Mar - 11:22:02',14.00,36.00,12.00,43.00,3.39,23.75
'19 Mar - 11:23:02',14.00,36.00,12.00,43.00,3.39,23.50
'19 Mar - 11:24:02',14.00,36.00,12.00,43.00,3.39,23.38
'19 Mar - 11:25:02',14.00,36.00,12.00,43.00,3.39,23.06
'19 Mar - 11:26:02',14.00,36.00,12.00,43.00,3.39,22.81
'19 Mar - 11:27:02',14.00,36.00,12.00,43.00,3.39,22.62
'19 Mar - 11:28:02',14.00,36.00,12.00,43.00,3.39,22.50
'19 Mar - 11:29:02',14.00,36.00,12.00,43.00,3.39,22.31
'19 Mar - 11:30:02',14.00,36.00,12.00,43.00,3.39,22.00
'19 Mar - 11:31:02',14.00,36.00,13.00,42.00,3.39,21.75
'19 Mar - 11:32:02',14.00,36.00,13.00,42.00,3.39,21.56
'19 Mar - 11:33:02',14.00,36.00,13.00,42.00,3.39,21.37
'19 Mar - 11:34:02',14.00,36.00,13.00,42.00,3.40,21.31
'19 Mar - 11:35:02',14.00,36.00,14.00,42.00,3.40,21.12
'19 Mar - 11:36:02',14.00,36.00,14.00,42.00,3.39,21.00
'19 Mar - 11:37:02',14.00,36.00,14.00,42.00,3.39,20.94
'19 Mar - 11:38:02',14.00,36.00,14.00,42.00,3.39,20.81
'19 Mar - 11:39:02',14.00,36.00,14.00,42.00,3.39,20.62
'19 Mar - 11:40:02',14.00,36.00,14.00,42.00,3.39,20.50
'19 Mar - 11:41:02',14.00,36.00,14.00,42.00,3.39,20.44
'19 Mar - 11:42:02',14.00,36.00,14.00,42.00,3.39,20.31
'19 Mar - 11:43:02',14.00,36.00,14.00,42.00,3.40,20.19
'19 Mar - 11:44:02',14.00,36.00,13.00,42.00,3.39,19.94
'19 Mar - 11:45:02',14.00,36.00,13.00,41.00,3.39,19.75
'19 Mar - 11:46:02',14.00,36.00,13.00,41.00,3.39,19.62
'19 Mar - 11:47:02',14.00,36.00,13.00,41.00,3.39,19.44
'19 Mar - 11:48:02',14.00,36.00,13.00,41.00,3.39,19.31
'19 Mar - 11:49:02',14.00,36.00,13.00,42.00,3.39,19.19
'19 Mar - 11:50:02',14.00,36.00,13.00,42.00,3.39,19.12
'19 Mar - 11:51:02',14.00,36.00,13.00,42.00,3.39,19.06
'19 Mar - 11:52:02',14.00,36.00,13.00,42.00,3.39,18.94
'19 Mar - 11:53:02',14.00,36.00,13.00,42.00,3.39,18.81
'19 Mar - 11:54:02',14.00,36.00,13.00,42.00,3.39,18.75
'19 Mar - 11:55:02',14.00,36.00,13.00,42.00,3.39,18.62
'19 Mar - 11:56:02',14.00,36.00,13.00,42.00,3.39,18.62
'19 Mar - 11:57:02',14.00,36.00,13.00,42.00,3.40,18.50
'19 Mar - 11:58:02',14.00,36.00,13.00,41.00,3.39,18.37
'19 Mar - 11:59:02',14.00,36.00,13.00,41.00,3.39,18.31
'19 Mar - 12:00:02',14.00,36.00,13.00,42.00,3.39,18.19
'19 Mar - 12:01:02',14.00,36.00,13.00,42.00,3.39,18.12
'19 Mar - 12:02:02',14.00,36.00,13.00,42.00,3.39,18.06
'19 Mar - 12:03:02',14.00,36.00,13.00,42.00,3.39,18.00
'19 Mar - 12:04:02',14.00,36.00,13.00,42.00,3.39,17.87
'19 Mar - 12:05:02',14.00,36.00,13.00,42.00,3.39,17.81
'19 Mar - 12:06:02',14.00,36.00,13.00,42.00,3.39,17.75
'19 Mar - 12:07:02',14.00,36.00,13.00,42.00,3.39,17.69
'19 Mar - 12:08:02',14.00,36.00,14.00,42.00,3.39,17.62
'19 Mar - 12:09:02',14.00,36.00,14.00,42.00,3.39,17.50
'19 Mar - 12:10:02',14.00,36.00,14.00,42.00,3.39,17.44
'19 Mar - 12:11:02',14.00,36.00,14.00,42.00,3.39,17.37
'19 Mar - 12:12:02',14.00,36.00,14.00,42.00,3.39,17.31
'19 Mar - 12:13:02',14.00,36.00,14.00,42.00,3.39,17.25
'19 Mar - 12:14:02',14.00,36.00,14.00,42.00,3.39,17.19
'19 Mar - 12:15:02',14.00,36.00,14.00,41.00,3.39,17.00
'19 Mar - 12:16:02',14.00,36.00,13.00,41.00,3.39,16.87
'19 Mar - 12:17:02',14.00,36.00,13.00,41.00,3.39,16.81
'19 Mar - 12:18:02',14.00,36.00,13.00,41.00,3.39,16.75
'19 Mar - 12:19:02',14.00,36.00,13.00,41.00,3.39,16.62
'19 Mar - 12:20:02',14.00,36.00,13.00,41.00,3.39,16.50
'19 Mar - 12:21:02',14.00,36.00,12.00,42.00,3.39,16.44
'19 Mar - 12:22:02',14.00,36.00,12.00,42.00,3.39,16.31
'19 Mar - 12:23:02',14.00,36.00,12.00,42.00,3.39,16.31
'19 Mar - 12:24:02',14.00,36.00,12.00,42.00,3.39,16.31
'19 Mar - 12:25:02',14.00,36.00,12.00,42.00,3.39,16.25
'19 Mar - 12:26:02',14.00,36.00,13.00,41.00,3.39,16.25
'19 Mar - 12:27:02',14.00,36.00,13.00,42.00,3.39,16.25
'19 Mar - 12:28:02',14.00,36.00,13.00,42.00,3.39,16.25
'19 Mar - 12:29:02',14.00,36.00,13.00,42.00,3.39,16.19
'19 Mar - 12:30:02',14.00,36.00,13.00,42.00,3.39,16.19
'19 Mar - 12:31:02',14.00,36.00,13.00,42.00,3.39,16.12
'19 Mar - 12:32:02',14.00,36.00,13.00,42.00,3.39,16.06
'19 Mar - 12:33:02',14.00,36.00,13.00,42.00,3.39,16.06
'19 Mar - 12:34:02',14.00,36.00,13.00,42.00,3.39,16.00
'19 Mar - 12:35:02',14.00,36.00,13.00,41.00,3.39,15.94
'19 Mar - 12:36:02',14.00,36.00,13.00,41.00,3.39,15.88
'19 Mar - 12:37:02',14.00,36.00,13.00,42.00,3.39,15.81
'19 Mar - 12:38:02',14.00,36.00,14.00,42.00,3.39,15.81
'19 Mar - 12:39:02',14.00,36.00,14.00,42.00,3.39,15.75
'19 Mar - 12:40:02',14.00,36.00,14.00,42.00,3.39,15.69
'19 Mar - 12:41:02',14.00,36.00,14.00,42.00,3.39,15.63
'19 Mar - 12:42:02',14.00,36.00,14.00,41.00,3.39,15.56
'19 Mar - 12:43:02',14.00,36.00,14.00,41.00,3.40,15.50
'19 Mar - 12:44:02',14.00,36.00,14.00,42.00,3.39,15.50
'19 Mar - 12:45:02',14.00,36.00,14.00,42.00,3.39,15.44
'19 Mar - 12:46:02',14.00,36.00,14.00,42.00,3.39,15.44
'19 Mar - 12:47:02',14.00,36.00,14.00,42.00,3.39,15.44
'19 Mar - 12:48:02',14.00,36.00,14.00,42.00,3.40,15.44
'19 Mar - 12:49:02',14.00,36.00,14.00,42.00,3.39,15.38
'19 Mar - 12:50:02',14.00,36.00,14.00,42.00,3.39,15.38
'19 Mar - 12:51:02',14.00,36.00,14.00,42.00,3.39,15.38
'19 Mar - 12:52:02',14.00,36.00,14.00,42.00,3.39,15.31
'19 Mar - 12:53:02',14.00,36.00,14.00,42.00,3.39,15.25
'19 Mar - 12:54:02',14.00,36.00,14.00,42.00,3.39,15.25
'19 Mar - 12:55:02',14.00,36.00,14.00,42.00,3.39,15.25
'19 Mar - 12:56:02',14.00,36.00,15.00,41.00,3.39,15.19
'19 Mar - 12:57:02',14.00,36.00,15.00,41.00,3.40,15.19
'19 Mar - 12:58:02',14.00,36.00,15.00,41.00,3.39,15.13
'19 Mar - 12:59:02',14.00,36.00,15.00,41.00,3.39,15.13
'19 Mar - 13:00:02',14.00,36.00,14.00,42.00,3.39,15.06
'19 Mar - 13:01:02',14.00,36.00,14.00,41.00,3.39,15.00
'19 Mar - 13:02:02',14.00,36.00,14.00,41.00,3.39,14.94
'19 Mar - 13:03:02',14.00,36.00,14.00,41.00,3.39,14.94
'19 Mar - 13:04:02',14.00,36.00,14.00,41.00,3.39,14.87
'19 Mar - 13:05:02',14.00,36.00,14.00,41.00,3.39,14.81
'19 Mar - 13:06:02',14.00,36.00,14.00,41.00,3.39,14.75
'19 Mar - 13:07:02',14.00,36.00,13.00,41.00,3.39,14.69
'19 Mar - 13:08:02',14.00,36.00,13.00,41.00,3.39,14.63
'19 Mar - 13:09:02',14.00,36.00,13.00,41.00,3.39,14.56
'19 Mar - 13:10:02',14.00,36.00,13.00,41.00,3.39,14.50
'19 Mar - 13:11:02',14.00,36.00,13.00,41.00,3.39,14.44
'19 Mar - 13:12:02',13.00,36.00,13.00,41.00,3.39,14.44
'19 Mar - 13:13:02',13.00,36.00,13.00,41.00,3.39,14.44
'19 Mar - 13:14:02',13.00,36.00,13.00,41.00,3.39,14.44
'19 Mar - 13:15:02',14.00,36.00,13.00,41.00,3.39,14.44
'19 Mar - 13:16:02',13.00,36.00,13.00,41.00,3.39,14.44
'19 Mar - 13:17:02',13.00,36.00,13.00,41.00,3.39,14.38
'19 Mar - 13:18:02',13.00,36.00,13.00,41.00,3.39,14.31
'19 Mar - 13:19:02',14.00,36.00,13.00,41.00,3.39,14.25
'19 Mar - 13:20:02',13.00,36.00,13.00,41.00,3.39,14.19
'19 Mar - 13:21:02',14.00,36.00,13.00,41.00,3.39,14.19
'19 Mar - 13:22:02',13.00,36.00,13.00,41.00,3.39,14.13
'19 Mar - 13:23:02',13.00,36.00,13.00,41.00,3.39,14.13
'19 Mar - 13:24:02',13.00,36.00,13.00,41.00,3.39,14.06
'19 Mar - 13:25:02',13.00,36.00,13.00,41.00,3.39,14.00
'19 Mar - 13:26:02',13.00,36.00,13.00,41.00,3.39,14.00
'19 Mar - 13:27:02',13.00,36.00,13.00,41.00,3.39,13.94
'19 Mar - 13:28:02',13.00,36.00,12.00,42.00,3.39,14.00
'19 Mar - 13:29:02',13.00,36.00,13.00,41.00,3.39,14.00
'19 Mar - 13:30:02',13.00,36.00,13.00,41.00,3.39,14.00
'19 Mar - 13:31:02',13.00,36.00,13.00,41.00,3.39,14.00
'19 Mar - 13:32:02',13.00,36.00,13.00,42.00,3.39,14.00
'19 Mar - 13:33:02',13.00,36.00,13.00,42.00,3.39,14.00
'19 Mar - 13:34:02',13.00,36.00,13.00,41.00,3.39,14.00
'19 Mar - 13:35:02',13.00,36.00,13.00,42.00,3.39,14.00
'19 Mar - 13:36:02',13.00,36.00,13.00,42.00,3.39,13.94
'19 Mar - 13:37:02',13.00,36.00,13.00,41.00,3.39,13.94
'19 Mar - 13:38:02',13.00,36.00,13.00,42.00,3.39,13.94
'19 Mar - 13:39:02',13.00,36.00,13.00,41.00,3.39,13.88
'19 Mar - 13:40:02',13.00,36.00,13.00,41.00,3.39,13.81
'19 Mar - 13:41:02',13.00,36.00,13.00,41.00,3.39,13.75
'19 Mar - 13:42:02',13.00,36.00,13.00,41.00,3.39,13.69
'19 Mar - 13:43:02',13.00,36.00,13.00,41.00,3.40,13.69
'19 Mar - 13:44:02',13.00,36.00,13.00,41.00,3.39,13.69
'19 Mar - 13:45:02',13.00,36.00,13.00,41.00,3.39,13.69
'19 Mar - 13:46:02',13.00,36.00,13.00,42.00,3.39,13.69
'19 Mar - 13:47:02',13.00,36.00,13.00,42.00,3.39,13.75
'19 Mar - 13:48:02',13.00,36.00,13.00,42.00,3.39,13.75
'19 Mar - 13:49:02',13.00,36.00,14.00,42.00,3.39,13.75
'19 Mar - 13:50:02',13.00,36.00,13.00,42.00,3.39,13.75
'19 Mar - 13:51:02',13.00,36.00,13.00,41.00,3.39,13.75
'19 Mar - 13:52:02',13.00,36.00,13.00,42.00,3.39,13.75
'19 Mar - 13:53:02',13.00,36.00,13.00,42.00,3.39,13.69
'19 Mar - 13:54:02',13.00,36.00,14.00,42.00,3.39,13.75
'19 Mar - 13:55:02',13.00,36.00,14.00,42.00,3.39,13.69
'19 Mar - 13:56:02',13.00,36.00,14.00,42.00,3.39,13.69
'19 Mar - 13:57:02',13.00,36.00,14.00,42.00,3.40,13.69
'19 Mar - 13:58:02',13.00,36.00,14.00,42.00,3.39,13.69
'19 Mar - 13:59:02',13.00,36.00,14.00,42.00,3.39,13.69
'19 Mar - 14:00:02',13.00,36.00,14.00,42.00,3.39,13.69
'19 Mar - 14:01:02',13.00,36.00,14.00,41.00,3.40,13.62
'19 Mar - 14:02:02',13.00,36.00,14.00,41.00,3.39,13.62
'19 Mar - 14:03:02',13.00,36.00,14.00,41.00,3.39,13.62
'19 Mar - 14:04:02',13.00,36.00,14.00,41.00,3.39,13.62
'19 Mar - 14:05:02',13.00,36.00,14.00,41.00,3.39,13.62
'19 Mar - 14:06:02',13.00,36.00,14.00,42.00,3.39,13.62
'19 Mar - 14:07:02',13.00,36.00,14.00,41.00,3.39,13.56
'19 Mar - 14:08:02',13.00,36.00,14.00,41.00,3.39,13.62
'19 Mar - 14:09:02',13.00,36.00,14.00,42.00,3.39,13.56
'19 Mar - 14:10:02',13.00,36.00,14.00,42.00,3.39,13.56
'19 Mar - 14:11:02',13.00,36.00,14.00,42.00,3.39,13.56
'19 Mar - 14:12:02',13.00,36.00,14.00,41.00,3.39,13.56
'19 Mar - 14:13:02',13.00,36.00,14.00,42.00,3.39,13.56
'19 Mar - 14:14:02',13.00,36.00,14.00,41.00,3.39,13.56
'19 Mar - 14:15:02',13.00,36.00,14.00,41.00,3.39,13.56
'19 Mar - 14:16:02',13.00,36.00,14.00,41.00,3.39,13.56
'19 Mar - 14:17:02',13.00,36.00,14.00,41.00,3.39,13.50
'19 Mar - 14:18:02',13.00,36.00,14.00,41.00,3.39,13.50
'19 Mar - 14:19:02',13.00,36.00,14.00,41.00,3.39,13.50
'19 Mar - 14:20:02',13.00,36.00,14.00,41.00,3.39,13.50
'19 Mar - 14:21:02',13.00,36.00,14.00,41.00,3.39,13.50
'19 Mar - 14:22:02',13.00,36.00,14.00,41.00,3.39,13.50
'19 Mar - 14:23:02',13.00,36.00,14.00,41.00,3.39,13.50
'19 Mar - 14:24:02',13.00,36.00,14.00,41.00,3.39,13.44
'19 Mar - 14:25:02',13.00,36.00,14.00,41.00,3.39,13.44
'19 Mar - 14:26:02',13.00,36.00,13.00,41.00,3.39,13.44
'19 Mar - 14:27:02',13.00,36.00,14.00,41.00,3.39,13.44
'19 Mar - 14:28:02',13.00,36.00,14.00,41.00,3.39,13.44
'19 Mar - 14:29:02',13.00,36.00,14.00,41.00,3.39,13.38
'19 Mar - 14:30:02',13.00,36.00,14.00,41.00,3.39,13.38
'19 Mar - 14:31:02',13.00,36.00,14.00,41.00,3.39,13.38
'19 Mar - 14:32:02',13.00,36.00,14.00,41.00,3.39,13.38
'19 Mar - 14:33:02',13.00,36.00,14.00,41.00,3.39,13.38
'19 Mar - 14:34:02',13.00,36.00,14.00,41.00,3.39,13.38
'19 Mar - 14:35:02',13.00,36.00,14.00,41.00,3.39,13.31
'19 Mar - 14:36:02',13.00,36.00,13.00,41.00,3.39,13.31
'19 Mar - 14:37:02',13.00,36.00,13.00,41.00,3.39,13.31
'19 Mar - 14:38:02',13.00,36.00,13.00,41.00,3.39,13.31
'19 Mar - 14:39:02',13.00,36.00,13.00,41.00,3.39,13.31
'19 Mar - 14:40:02',13.00,36.00,13.00,41.00,3.39,13.31
'19 Mar - 14:41:02',13.00,36.00,13.00,41.00,3.39,13.31
'19 Mar - 14:42:02',13.00,36.00,13.00,41.00,3.39,13.31
'19 Mar - 14:43:02',13.00,36.00,13.00,41.00,3.39,13.25
'19 Mar - 14:44:02',13.00,36.00,13.00,41.00,3.39,13.31
'19 Mar - 14:45:02',13.00,36.00,13.00,41.00,3.39,13.31
'19 Mar - 14:46:02',13.00,36.00,14.00,41.00,3.39,13.25
'19 Mar - 14:47:02',13.00,36.00,14.00,41.00,3.39,13.25
'19 Mar - 14:48:02',13.00,36.00,14.00,41.00,3.39,13.25
'19 Mar - 14:49:02',13.00,36.00,14.00,41.00,3.39,13.25
'19 Mar - 14:50:02',13.00,36.00,14.00,41.00,3.39,13.25
'19 Mar - 14:51:02',13.00,36.00,14.00,41.00,3.39,13.25
'19 Mar - 14:52:02',13.00,36.00,14.00,41.00,3.39,13.25
'19 Mar - 14:53:02',13.00,36.00,14.00,41.00,3.39,13.25
'19 Mar - 14:54:02',13.00,36.00,14.00,41.00,3.39,13.25
'19 Mar - 14:55:02',13.00,36.00,14.00,41.00,3.39,13.25
'19 Mar - 14:56:02',13.00,36.00,14.00,41.00,3.39,13.19
'19 Mar - 14:57:02',13.00,36.00,14.00,41.00,3.39,13.19
'19 Mar - 14:58:02',13.00,36.00,14.00,41.00,3.39,13.19
'19 Mar - 14:59:02',13.00,36.00,14.00,41.00,3.39,13.19
'19 Mar - 15:00:02',13.00,36.00,14.00,41.00,3.39,13.19
'19 Mar - 15:01:02',13.00,36.00,14.00,41.00,3.39,13.19
'19 Mar - 15:02:02',13.00,36.00,14.00,41.00,3.39,13.19
'19 Mar - 15:03:02',13.00,36.00,14.00,41.00,3.39,13.19
'19 Mar - 15:04:02',13.00,36.00,14.00,41.00,3.39,13.19
'19 Mar - 15:05:02',13.00,36.00,14.00,41.00,3.39,13.19
'19 Mar - 15:06:02',13.00,36.00,14.00,41.00,3.39,13.19
'19 Mar - 15:07:02',13.00,36.00,14.00,41.00,3.39,13.19
'19 Mar - 15:08:02',13.00,36.00,14.00,41.00,3.39,13.13
'19 Mar - 15:09:02',13.00,36.00,14.00,41.00,3.39,13.13
'19 Mar - 15:10:02',13.00,36.00,14.00,41.00,3.39,13.13
'19 Mar - 15:11:02',13.00,36.00,14.00,41.00,3.39,13.13
'19 Mar - 15:12:02',13.00,36.00,14.00,41.00,3.39,13.13
'19 Mar - 15:13:02',13.00,36.00,14.00,41.00,3.39,13.06
'19 Mar - 15:14:02',13.00,36.00,14.00,41.00,3.39,13.13
'19 Mar - 15:15:02',13.00,36.00,14.00,41.00,3.39,13.13
'19 Mar - 15:16:02',13.00,36.00,14.00,41.00,3.39,13.13
'19 Mar - 15:17:02',13.00,36.00,14.00,41.00,3.39,13.06
'19 Mar - 15:18:02',13.00,36.00,14.00,41.00,3.39,13.06
'19 Mar - 15:19:02',13.00,36.00,14.00,41.00,3.39,13.13
'19 Mar - 15:20:02',13.00,36.00,14.00,41.00,3.39,13.06
'19 Mar - 15:21:02',13.00,36.00,14.00,41.00,3.39,13.06
'19 Mar - 15:22:02',13.00,36.00,14.00,41.00,3.39,13.06
'19 Mar - 15:23:02',13.00,36.00,14.00,41.00,3.39,13.06
'19 Mar - 15:24:02',13.00,36.00,14.00,41.00,3.39,13.06
'19 Mar - 15:25:02',13.00,36.00,14.00,41.00,3.39,13.06
'19 Mar - 15:26:02',13.00,36.00,14.00,41.00,3.39,13.06
'19 Mar - 15:27:02',13.00,36.00,14.00,41.00,3.39,13.00
'19 Mar - 15:28:02',13.00,36.00,14.00,41.00,3.39,13.00
'19 Mar - 15:29:02',13.00,36.00,14.00,41.00,3.39,13.00
'19 Mar - 15:30:02',13.00,36.00,14.00,41.00,3.39,13.00
'19 Mar - 15:31:02',13.00,36.00,14.00,43.00,3.39,13.00
'19 Mar - 15:32:02',13.00,36.00,13.00,41.00,3.39,13.00
'19 Mar - 15:33:02',13.00,36.00,13.00,41.00,3.39,13.00
'19 Mar - 15:34:02',13.00,36.00,13.00,41.00,3.39,13.00
'19 Mar - 15:35:02',13.00,36.00,13.00,41.00,3.39,13.00
'19 Mar - 15:36:02',13.00,36.00,13.00,41.00,3.39,13.00
'19 Mar - 15:37:02',13.00,36.00,13.00,41.00,3.39,13.00
'19 Mar - 15:38:02',13.00,36.00,13.00,41.00,3.39,13.00
'19 Mar - 15:39:02',13.00,36.00,13.00,41.00,3.39,12.94
'19 Mar - 15:40:02',13.00,36.00,13.00,41.00,3.39,12.94
'19 Mar - 15:41:02',13.00,36.00,13.00,41.00,3.39,12.94
'19 Mar - 15:42:02',13.00,36.00,13.00,41.00,3.39,12.94
'19 Mar - 15:43:02',13.00,36.00,13.00,41.00,3.39,12.94
'19 Mar - 15:44:02',13.00,36.00,13.00,41.00,3.39,12.94
'19 Mar - 15:45:02',13.00,36.00,13.00,41.00,3.39,12.94
'19 Mar - 15:46:02',13.00,36.00,13.00,41.00,3.39,12.94
'19 Mar - 15:47:02',13.00,36.00,13.00,41.00,3.39,12.94
'19 Mar - 15:48:02',13.00,36.00,13.00,41.00,3.39,12.94
'19 Mar - 15:49:02',13.00,36.00,13.00,41.00,3.39,12.94
'19 Mar - 15:50:02',13.00,36.00,13.00,41.00,3.39,12.94
'19 Mar - 15:51:02',13.00,36.00,13.00,41.00,3.39,12.88
'19 Mar - 15:52:02',13.00,36.00,13.00,41.00,3.39,12.94
'19 Mar - 15:53:02',13.00,36.00,13.00,41.00,3.39,12.88
'19 Mar - 15:54:02',13.00,36.00,13.00,41.00,3.39,12.88
'19 Mar - 15:55:02',13.00,36.00,13.00,41.00,3.39,12.88
'19 Mar - 15:56:02',13.00,36.00,13.00,41.00,3.39,12.94
'19 Mar - 15:57:02',13.00,36.00,13.00,41.00,3.39,12.88
'19 Mar - 15:58:02',13.00,36.00,13.00,41.00,3.39,12.88
'19 Mar - 15:59:02',13.00,36.00,13.00,41.00,3.39,12.88
'19 Mar - 16:00:02',13.00,36.00,13.00,41.00,3.39,12.88
'19 Mar - 16:01:02',13.00,36.00,13.00,41.00,3.39,12.88
'19 Mar - 16:02:02',13.00,36.00,12.00,42.00,3.39,12.88
'19 Mar - 16:03:02',13.00,36.00,12.00,42.00,3.39,12.88
'19 Mar - 16:04:02',13.00,36.00,12.00,42.00,3.39,12.88
'19 Mar - 16:05:02',13.00,36.00,12.00,42.00,3.39,12.88
'19 Mar - 16:06:02',13.00,36.00,12.00,42.00,3.39,12.88
'19 Mar - 16:07:02',13.00,36.00,12.00,42.00,3.39,12.88
'19 Mar - 16:08:02',13.00,36.00,12.00,42.00,3.39,12.81
'19 Mar - 16:09:02',13.00,36.00,12.00,42.00,3.39,12.88
'19 Mar - 16:10:02',13.00,36.00,12.00,42.00,3.39,12.81
'19 Mar - 16:11:02',13.00,36.00,12.00,42.00,3.39,12.81
'19 Mar - 16:12:02',13.00,36.00,12.00,42.00,3.39,12.81
'19 Mar - 16:13:02',13.00,36.00,12.00,42.00,3.39,12.81
'19 Mar - 16:14:02',13.00,36.00,12.00,42.00,3.39,12.81
'19 Mar - 16:15:02',13.00,36.00,12.00,42.00,3.39,12.81
'19 Mar - 16:16:02',13.00,36.00,12.00,42.00,3.39,12.81
'19 Mar - 16:17:02',13.00,36.00,12.00,42.00,3.39,12.81
'19 Mar - 16:18:02',13.00,36.00,12.00,42.00,3.39,12.81
'19 Mar - 16:19:02',13.00,36.00,12.00,42.00,3.39,12.81
'19 Mar - 16:20:02',13.00,36.00,12.00,42.00,3.39,12.81
'19 Mar - 16:21:02',13.00,36.00,12.00,42.00,3.39,12.81
'19 Mar - 16:22:02',13.00,36.00,12.00,42.00,3.39,12.81
'19 Mar - 16:23:02',13.00,36.00,12.00,42.00,3.39,12.81
'19 Mar - 16:24:02',13.00,36.00,12.00,42.00,3.39,12.81
'19 Mar - 16:25:02',13.00,36.00,12.00,42.00,3.39,12.75
'19 Mar - 16:26:02',13.00,36.00,12.00,42.00,3.39,12.81
'19 Mar - 16:27:02',13.00,36.00,12.00,42.00,3.39,12.81
'19 Mar - 16:28:02',13.00,36.00,12.00,42.00,3.39,12.75
'19 Mar - 16:29:02',13.00,36.00,12.00,42.00,3.39,12.75
'19 Mar - 16:30:02',13.00,36.00,12.00,42.00,3.39,12.75
'19 Mar - 16:31:02',13.00,36.00,12.00,42.00,3.39,12.75
'19 Mar - 16:32:02',13.00,36.00,12.00,42.00,3.39,12.75
'19 Mar - 16:33:02',13.00,36.00,12.00,42.00,3.39,12.75
'19 Mar - 16:34:02',13.00,36.00,12.00,42.00,3.39,12.75
'19 Mar - 16:35:02',13.00,36.00,12.00,42.00,3.39,12.75
'19 Mar - 16:36:02',13.00,36.00,12.00,42.00,3.39,12.75
'19 Mar - 16:37:02',13.00,36.00,12.00,42.00,3.39,12.75
'19 Mar - 16:38:02',13.00,36.00,12.00,42.00,3.39,12.75
'19 Mar - 16:39:02',13.00,36.00,12.00,42.00,3.39,12.75
'19 Mar - 16:40:02',13.00,36.00,12.00,42.00,3.39,12.69
'19 Mar - 16:41:02',13.00,36.00,12.00,42.00,3.39,12.69
'19 Mar - 16:42:02',13.00,36.00,12.00,42.00,3.39,12.75
'19 Mar - 16:43:02',13.00,36.00,12.00,42.00,3.39,12.69
'19 Mar - 16:44:02',13.00,36.00,12.00,42.00,3.39,12.69
'19 Mar - 16:45:02',13.00,36.00,12.00,42.00,3.39,12.69
'19 Mar - 16:46:02',13.00,36.00,12.00,42.00,3.39,12.69
'19 Mar - 16:47:02',13.00,36.00,12.00,42.00,3.39,12.69
'19 Mar - 16:48:02',13.00,36.00,12.00,42.00,3.39,12.69
'19 Mar - 16:49:02',13.00,36.00,12.00,42.00,3.39,12.69
'19 Mar - 16:50:02',13.00,36.00,12.00,42.00,3.39,12.69
'19 Mar - 16:51:02',13.00,36.00,12.00,42.00,3.39,12.69
'19 Mar - 16:52:02',13.00,36.00,12.00,42.00,3.39,12.69
'19 Mar - 16:53:02',13.00,36.00,12.00,42.00,3.39,12.69
'19 Mar - 16:54:02',13.00,36.00,12.00,42.00,3.39,12.69
'19 Mar - 16:55:02',13.00,36.00,12.00,42.00,3.39,12.69
'19 Mar - 16:56:02',13.00,36.00,12.00,42.00,3.39,12.69
'19 Mar - 16:57:02',13.00,36.00,12.00,43.00,3.39,12.69
'19 Mar - 16:58:02',13.00,36.00,12.00,43.00,3.39,12.69
'19 Mar - 16:59:02',13.00,36.00,12.00,43.00,3.39,12.69
'19 Mar - 17:00:02',13.00,36.00,12.00,43.00,3.39,12.69
'19 Mar - 17:01:02',13.00,36.00,12.00,43.00,3.39,12.69
'19 Mar - 17:02:02',13.00,36.00,12.00,43.00,3.39,12.69
'19 Mar - 17:03:02',13.00,36.00,12.00,43.00,3.39,12.63
'19 Mar - 17:04:02',13.00,36.00,12.00,43.00,3.39,12.69
'19 Mar - 17:05:02',13.00,36.00,12.00,43.00,3.39,12.63
'19 Mar - 17:06:02',13.00,36.00,12.00,43.00,3.39,12.63
'19 Mar - 17:07:02',13.00,36.00,12.00,43.00,3.39,12.63
'19 Mar - 17:08:02',13.00,36.00,11.00,43.00,3.39,12.63
'19 Mar - 17:09:02',13.00,36.00,11.00,43.00,3.40,12.63
'19 Mar - 17:10:02',13.00,36.00,11.00,43.00,3.39,12.63
'19 Mar - 17:11:02',13.00,36.00,11.00,43.00,3.39,12.56
'19 Mar - 17:12:02',13.00,36.00,11.00,43.00,3.39,12.63
'19 Mar - 17:13:02',13.00,36.00,11.00,43.00,3.39,12.63
'19 Mar - 17:14:02',13.00,36.00,11.00,43.00,3.39,12.63
'19 Mar - 17:15:02',13.00,36.00,11.00,43.00,3.39,12.63
'19 Mar - 17:16:02',13.00,36.00,11.00,43.00,3.39,12.63
'19 Mar - 17:17:02',13.00,36.00,11.00,43.00,3.39,12.63
'19 Mar - 17:18:02',13.00,36.00,11.00,43.00,3.39,12.63
'19 Mar - 17:19:02',13.00,36.00,11.00,43.00,3.39,12.63
'19 Mar - 17:20:02',13.00,36.00,11.00,43.00,3.39,12.63
'19 Mar - 17:21:02',13.00,36.00,11.00,43.00,3.39,12.63
'19 Mar - 17:22:02',13.00,36.00,11.00,43.00,3.39,12.63
'19 Mar - 17:23:02',13.00,36.00,11.00,43.00,3.39,12.63
'19 Mar - 17:24:02',13.00,36.00,11.00,43.00,3.39,12.63
'19 Mar - 17:25:02',13.00,36.00,11.00,43.00,3.39,12.63
'19 Mar - 17:26:02',13.00,36.00,11.00,43.00,3.39,12.63
'19 Mar - 17:27:02',13.00,36.00,11.00,43.00,3.39,12.56
'19 Mar - 17:28:02',13.00,36.00,11.00,43.00,3.39,12.56
'19 Mar - 17:29:02',13.00,36.00,10.00,44.00,3.39,12.56
'19 Mar - 17:30:02',13.00,36.00,10.00,44.00,3.39,12.56
'19 Mar - 17:31:02',13.00,36.00,10.00,44.00,3.39,12.56
'19 Mar - 17:32:02',13.00,36.00,10.00,44.00,3.39,12.56
'19 Mar - 17:33:02',13.00,36.00,10.00,44.00,3.39,12.56
'19 Mar - 17:34:02',13.00,36.00,10.00,44.00,3.39,12.56
'19 Mar - 17:35:02',13.00,36.00,10.00,44.00,3.39,12.56
'19 Mar - 17:36:02',13.00,36.00,10.00,44.00,3.39,12.56
'19 Mar - 17:37:02',13.00,36.00,10.00,44.00,3.39,12.56
'19 Mar - 17:38:02',13.00,36.00,10.00,45.00,3.39,12.56
'19 Mar - 17:39:02',13.00,36.00,10.00,44.00,3.39,12.56
'19 Mar - 17:40:02',13.00,36.00,10.00,44.00,3.39,12.56
'19 Mar - 17:41:02',13.00,36.00,10.00,44.00,3.39,12.50
'19 Mar - 17:42:02',13.00,36.00,10.00,44.00,3.39,12.56
'19 Mar - 17:43:02',13.00,36.00,10.00,44.00,3.39,12.56
'19 Mar - 17:44:02',13.00,36.00,10.00,44.00,3.39,12.56
'19 Mar - 17:45:02',13.00,36.00,10.00,45.00,3.39,12.56
'19 Mar - 17:46:02',13.00,36.00,10.00,45.00,3.39,12.50
'19 Mar - 17:47:02',13.00,36.00,10.00,45.00,3.39,12.50
'19 Mar - 17:48:02',13.00,36.00,10.00,45.00,3.39,12.50
'19 Mar - 17:49:02',13.00,36.00,10.00,45.00,3.39,12.50
'19 Mar - 17:50:02',13.00,36.00,10.00,45.00,3.39,12.50
'19 Mar - 17:51:02',13.00,36.00,9.000,45.00,3.39,12.50
'19 Mar - 17:52:02',13.00,36.00,9.000,45.00,3.39,12.50
'19 Mar - 17:53:02',13.00,36.00,9.000,45.00,3.39,12.50
'19 Mar - 17:54:02',13.00,36.00,9.000,45.00,3.39,12.50
'19 Mar - 17:55:02',13.00,36.00,9.000,45.00,3.39,12.44
'19 Mar - 17:56:02',13.00,36.00,9.000,45.00,3.39,12.44
'19 Mar - 17:57:02',13.00,36.00,9.000,45.00,3.39,12.44
'19 Mar - 17:58:02',13.00,36.00,9.000,45.00,3.39,12.44
'19 Mar - 17:59:02',13.00,36.00,9.000,45.00,3.39,12.37
'19 Mar - 18:00:02',13.00,36.00,9.000,45.00,3.39,12.44
'19 Mar - 18:01:02',13.00,36.00,9.000,45.00,3.39,12.37
'19 Mar - 18:02:02',13.00,36.00,9.000,45.00,3.39,12.37
'19 Mar - 18:03:02',13.00,36.00,9.000,45.00,3.39,12.31
'19 Mar - 18:04:02',13.00,36.00,9.000,45.00,3.39,12.31
'19 Mar - 18:05:02',13.00,36.00,9.000,45.00,3.39,12.37
'19 Mar - 18:06:02',13.00,36.00,9.000,45.00,3.39,12.31
'19 Mar - 18:07:02',13.00,36.00,9.000,45.00,3.39,12.31
'19 Mar - 18:08:02',13.00,36.00,8.000,47.00,3.39,12.31
'19 Mar - 18:09:02',13.00,36.00,8.000,47.00,3.39,12.31
'19 Mar - 18:10:02',13.00,36.00,8.000,47.00,3.39,12.31
'19 Mar - 18:11:02',13.00,36.00,8.000,47.00,3.39,12.31
'19 Mar - 18:12:02',13.00,36.00,8.000,47.00,3.39,12.31
'19 Mar - 18:13:02',13.00,36.00,8.000,47.00,3.39,12.25
'19 Mar - 18:14:02',13.00,36.00,8.000,47.00,3.39,12.25
'19 Mar - 18:15:02',13.00,36.00,8.000,48.00,3.39,12.25
'19 Mar - 18:16:02',13.00,36.00,8.000,48.00,3.39,12.19
'19 Mar - 18:17:02',13.00,36.00,8.000,48.00,3.39,12.25
'19 Mar - 18:18:02',13.00,36.00,8.000,48.00,3.39,12.19
'19 Mar - 18:19:02',13.00,36.00,8.000,48.00,3.39,12.13
'19 Mar - 18:20:02',13.00,36.00,8.000,48.00,3.39,12.19
'19 Mar - 18:21:02',13.00,36.00,8.000,48.00,3.39,12.13
'19 Mar - 18:22:02',13.00,36.00,8.000,48.00,3.39,12.13
'19 Mar - 18:23:02',13.00,36.00,8.000,48.00,3.39,12.13
'19 Mar - 18:24:02',13.00,36.00,8.000,48.00,3.39,12.06
'19 Mar - 18:25:02',13.00,36.00,8.000,49.00,3.39,12.13
'19 Mar - 18:26:02',13.00,36.00,8.000,49.00,3.39,12.06
'19 Mar - 18:27:02',13.00,36.00,8.000,49.00,3.39,12.06
'19 Mar - 18:28:02',13.00,36.00,8.000,49.00,3.39,12.06
'19 Mar - 18:29:02',13.00,36.00,8.000,49.00,3.39,12.00
'19 Mar - 18:30:02',13.00,36.00,8.000,49.00,3.39,12.00
'19 Mar - 18:31:02',13.00,36.00,8.000,49.00,3.39,12.00
'19 Mar - 18:32:02',13.00,36.00,7.000,49.00,3.39,11.94
'19 Mar - 18:33:02',13.00,36.00,7.000,49.00,3.39,11.94
'19 Mar - 18:34:02',13.00,36.00,7.000,49.00,3.39,11.94
'19 Mar - 18:35:02',13.00,36.00,7.000,50.00,3.39,11.94
'19 Mar - 18:36:02',13.00,36.00,7.000,50.00,3.39,11.94
'19 Mar - 18:37:02',13.00,36.00,7.000,50.00,3.39,11.94
'19 Mar - 18:38:02',13.00,36.00,7.000,50.00,3.39,11.94
'19 Mar - 18:39:02',13.00,36.00,7.000,50.00,3.39,11.88
'19 Mar - 18:40:02',13.00,36.00,7.000,50.00,3.39,11.88
'19 Mar - 18:41:02',13.00,36.00,7.000,50.00,3.39,11.88
'19 Mar - 18:42:02',13.00,36.00,7.000,50.00,3.39,11.81
'19 Mar - 18:43:02',13.00,36.00,7.000,51.00,3.39,11.81
'19 Mar - 18:44:02',13.00,36.00,7.000,51.00,3.39,11.81
'19 Mar - 18:45:02',13.00,36.00,7.000,51.00,3.39,11.81
'19 Mar - 18:46:02',13.00,36.00,7.000,51.00,3.40,11.75
'19 Mar - 18:47:02',13.00,36.00,7.000,51.00,3.39,11.75
'19 Mar - 18:48:02',13.00,36.00,7.000,51.00,3.39,11.75
'19 Mar - 18:49:02',13.00,36.00,7.000,51.00,3.39,11.75
'19 Mar - 18:50:02',13.00,36.00,7.000,52.00,3.39,11.69
'19 Mar - 18:51:02',13.00,36.00,7.000,52.00,3.39,11.69
'19 Mar - 18:52:02',13.00,36.00,7.000,52.00,3.39,11.69
'19 Mar - 18:53:02',13.00,36.00,7.000,52.00,3.39,11.69
'19 Mar - 18:54:02',13.00,36.00,7.000,52.00,3.39,11.63
'19 Mar - 18:55:02',13.00,36.00,7.000,52.00,3.39,11.63
'19 Mar - 18:56:02',13.00,36.00,7.000,52.00,3.39,11.63
'19 Mar - 18:57:02',13.00,36.00,7.000,52.00,3.39,11.63
'19 Mar - 18:58:02',13.00,36.00,7.000,52.00,3.39,11.63
'19 Mar - 18:59:02',13.00,36.00,7.000,53.00,3.39,11.63
'19 Mar - 19:00:02',13.00,36.00,7.000,53.00,3.39,11.63
'19 Mar - 19:01:02',13.00,36.00,7.000,53.00,3.39,11.63
'19 Mar - 19:02:02',13.00,36.00,7.000,53.00,3.39,11.63
'19 Mar - 19:03:02',13.00,36.00,7.000,53.00,3.39,11.56
'19 Mar - 19:04:02',13.00,36.00,7.000,53.00,3.39,11.56
'19 Mar - 19:05:02',13.00,36.00,7.000,53.00,3.39,11.56
'19 Mar - 19:06:02',13.00,36.00,7.000,54.00,3.39,11.56
'19 Mar - 19:07:02',13.00,36.00,7.000,54.00,3.39,11.50
'19 Mar - 19:08:02',13.00,36.00,7.000,54.00,3.39,11.50
'19 Mar - 19:09:02',13.00,36.00,7.000,54.00,3.39,11.44
'19 Mar - 19:10:02',13.00,36.00,7.000,54.00,3.39,11.44
'19 Mar - 19:11:02',13.00,36.00,7.000,54.00,3.39,11.44
'19 Mar - 19:12:02',13.00,36.00,7.000,54.00,3.39,11.38
'19 Mar - 19:13:02',13.00,36.00,7.000,54.00,3.39,11.38
'19 Mar - 19:14:02',13.00,36.00,7.000,54.00,3.39,11.38
'19 Mar - 19:15:02',13.00,36.00,7.000,55.00,3.39,11.38
'19 Mar - 19:16:02',13.00,36.00,7.000,55.00,3.39,11.38
'19 Mar - 19:17:02',13.00,36.00,7.000,55.00,3.39,11.31
'19 Mar - 19:18:02',13.00,36.00,7.000,55.00,3.39,11.31
'19 Mar - 19:19:02',13.00,36.00,7.000,56.00,3.39,11.38
'19 Mar - 19:20:02',13.00,36.00,7.000,56.00,3.39,11.31
'19 Mar - 19:21:02',13.00,36.00,7.000,56.00,3.39,11.31
'19 Mar - 19:22:02',13.00,36.00,7.000,57.00,3.39,11.31
'19 Mar - 19:23:02',13.00,36.00,7.000,57.00,3.39,11.31
'19 Mar - 19:24:02',13.00,36.00,6.000,58.00,3.39,11.25
'19 Mar - 19:25:02',13.00,36.00,6.000,58.00,3.39,11.25
'19 Mar - 19:26:02',13.00,36.00,6.000,58.00,3.39,11.19
'19 Mar - 19:27:02',13.00,36.00,6.000,59.00,3.39,11.19
'19 Mar - 19:28:02',13.00,36.00,6.000,59.00,3.39,11.12
'19 Mar - 19:29:02',13.00,36.00,6.000,60.00,3.39,11.12
'19 Mar - 19:30:02',13.00,36.00,6.000,60.00,3.39,11.12
'19 Mar - 19:31:02',13.00,36.00,6.000,60.00,3.39,11.12
'19 Mar - 19:32:02',13.00,36.00,6.000,60.00,3.39,11.12
'19 Mar - 19:33:02',13.00,36.00,6.000,60.00,3.39,11.06
'19 Mar - 19:34:02',13.00,36.00,6.000,61.00,3.39,11.06
'19 Mar - 19:35:02',13.00,36.00,6.000,61.00,3.39,11.06
'19 Mar - 19:36:02',13.00,36.00,6.000,61.00,3.39,11.06
'19 Mar - 19:37:02',13.00,36.00,6.000,61.00,3.39,11.06
'19 Mar - 19:38:02',13.00,36.00,6.000,61.00,3.39,11.00
'19 Mar - 19:39:02',13.00,36.00,6.000,62.00,3.39,11.00
'19 Mar - 19:40:02',13.00,36.00,6.000,62.00,3.39,11.00
'19 Mar - 19:41:02',13.00,36.00,6.000,62.00,3.40,10.94
'19 Mar - 19:42:02',13.00,36.00,6.000,62.00,3.39,10.94
'19 Mar - 19:43:02',13.00,36.00,6.000,62.00,3.39,10.94
'19 Mar - 19:44:02',13.00,36.00,6.000,62.00,3.39,10.94
'19 Mar - 19:45:02',13.00,36.00,6.000,62.00,3.39,10.94
'19 Mar - 19:46:02',13.00,36.00,6.000,62.00,3.39,10.88
'19 Mar - 19:47:02',12.00,37.00,6.000,63.00,3.39,10.88
'19 Mar - 19:48:02',13.00,36.00,6.000,63.00,3.39,10.88
'19 Mar - 19:49:02',13.00,36.00,6.000,63.00,3.39,10.88
'19 Mar - 19:50:02',13.00,36.00,6.000,63.00,3.39,10.88
'19 Mar - 19:51:02',12.00,37.00,6.000,63.00,3.39,10.88
'19 Mar - 19:52:02',12.00,37.00,6.000,63.00,3.39,10.81
'19 Mar - 19:53:02',12.00,37.00,6.000,63.00,3.39,10.75
'19 Mar - 19:54:02',13.00,36.00,6.000,64.00,3.39,10.75
'19 Mar - 19:55:02',12.00,37.00,6.000,64.00,3.39,10.75
'19 Mar - 19:56:02',13.00,36.00,6.000,64.00,3.39,10.75
'19 Mar - 19:57:02',13.00,36.00,6.000,64.00,3.39,10.75
'19 Mar - 19:58:02',12.00,37.00,6.000,64.00,3.39,10.75
'19 Mar - 19:59:02',12.00,37.00,6.000,64.00,3.39,10.75
'19 Mar - 20:00:02',12.00,37.00,6.000,64.00,3.39,10.69
'19 Mar - 20:01:02',12.00,37.00,6.000,64.00,3.39,10.69
'19 Mar - 20:02:02',12.00,37.00,6.000,64.00,3.39,10.69
'19 Mar - 20:03:02',12.00,37.00,6.000,64.00,3.39,10.63
'19 Mar - 20:04:02',12.00,37.00,6.000,64.00,3.39,10.63
'19 Mar - 20:05:02',12.00,37.00,6.000,64.00,3.39,10.63
'19 Mar - 20:06:02',12.00,37.00,6.000,65.00,3.39,10.63
'19 Mar - 20:07:02',12.00,37.00,6.000,65.00,3.39,10.63
'19 Mar - 20:08:02',12.00,37.00,6.000,65.00,3.39,10.56
'19 Mar - 20:09:02',12.00,37.00,6.000,65.00,3.39,10.56
'19 Mar - 20:10:02',12.00,37.00,6.000,65.00,3.39,10.50
'19 Mar - 20:11:02',12.00,37.00,6.000,65.00,3.39,10.50
'19 Mar - 20:12:02',12.00,37.00,6.000,65.00,3.39,10.50
'19 Mar - 20:13:02',12.00,37.00,6.000,65.00,3.39,10.50
'19 Mar - 20:14:02',12.00,37.00,6.000,66.00,3.39,10.50
'19 Mar - 20:15:02',12.00,37.00,6.000,66.00,3.39,10.50
'19 Mar - 20:16:02',12.00,37.00,6.000,66.00,3.39,10.50
'19 Mar - 20:17:02',12.00,37.00,5.000,66.00,3.39,10.44
'19 Mar - 20:18:02',12.00,37.00,6.000,66.00,3.39,10.44
'19 Mar - 20:19:02',12.00,37.00,6.000,66.00,3.39,10.38
'19 Mar - 20:20:02',12.00,37.00,6.000,66.00,3.39,10.38
'19 Mar - 20:21:02',12.00,37.00,5.000,67.00,3.39,10.38
'19 Mar - 20:22:02',12.00,37.00,5.000,67.00,3.39,10.31
'19 Mar - 20:23:02',12.00,37.00,5.000,67.00,3.39,10.31
'19 Mar - 20:24:02',12.00,37.00,5.000,67.00,3.39,10.31
'19 Mar - 20:25:02',12.00,37.00,5.000,67.00,3.39,10.31
'19 Mar - 20:26:02',12.00,37.00,5.000,67.00,3.39,10.31
'19 Mar - 20:27:02',12.00,37.00,5.000,67.00,3.39,10.25
'19 Mar - 20:28:02',12.00,37.00,5.000,67.00,3.39,10.25
'19 Mar - 20:29:02',12.00,37.00,5.000,67.00,3.39,10.25
'19 Mar - 20:30:02',12.00,37.00,5.000,67.00,3.39,10.25
'19 Mar - 20:31:02',12.00,37.00,5.000,67.00,3.39,10.31
'19 Mar - 20:32:02',12.00,37.00,5.000,67.00,3.39,10.25
'19 Mar - 20:33:02',12.00,37.00,5.000,67.00,3.39,10.25
'19 Mar - 20:34:02',12.00,37.00,5.000,68.00,3.39,10.31
'19 Mar - 20:35:02',12.00,37.00,5.000,68.00,3.39,10.25
'19 Mar - 20:36:02',12.00,37.00,5.000,68.00,3.39,10.31
'19 Mar - 20:37:02',12.00,37.00,5.000,68.00,3.39,10.25
'19 Mar - 20:38:02',12.00,37.00,5.000,68.00,3.39,10.25
'19 Mar - 20:39:02',12.00,37.00,5.000,68.00,3.39,10.25
'19 Mar - 20:40:02',12.00,37.00,5.000,68.00,3.39,10.25
'19 Mar - 20:41:02',12.00,37.00,5.000,68.00,3.39,10.25
'19 Mar - 20:42:02',12.00,37.00,5.000,69.00,3.39,10.19
'19 Mar - 20:43:02',12.00,37.00,5.000,69.00,3.39,10.13
'19 Mar - 20:44:02',12.00,37.00,5.000,69.00,3.39,10.13
'19 Mar - 20:45:02',12.00,37.00,5.000,69.00,3.39,10.06
'19 Mar - 20:46:02',12.00,37.00,5.000,69.00,3.39,10.06
'19 Mar - 20:47:02',12.00,37.00,5.000,69.00,3.39,10.06
'19 Mar - 20:48:02',12.00,37.00,5.000,69.00,3.39,10.06
'19 Mar - 20:49:02',12.00,37.00,5.000,69.00,3.39,10.00
'19 Mar - 20:50:02',12.00,37.00,5.000,69.00,3.39,9.94
'19 Mar - 20:51:02',12.00,37.00,5.000,69.00,3.39,9.88
'19 Mar - 20:52:02',12.00,37.00,5.000,69.00,3.39,9.81
'19 Mar - 20:53:02',12.00,37.00,5.000,70.00,3.39,9.75
'19 Mar - 20:54:02',12.00,37.00,5.000,70.00,3.39,9.75
'19 Mar - 20:55:02',12.00,37.00,5.000,70.00,3.39,9.75
'19 Mar - 20:56:02',12.00,37.00,5.000,70.00,3.39,9.75
'19 Mar - 20:57:02',12.00,37.00,5.000,70.00,3.39,9.75
'19 Mar - 20:58:02',12.00,37.00,5.000,70.00,3.39,9.75
'19 Mar - 20:59:02',12.00,37.00,5.000,70.00,3.39,9.75
'19 Mar - 21:00:02',12.00,37.00,5.000,70.00,3.39,9.69
'19 Mar - 21:01:02',12.00,37.00,5.000,70.00,3.39,9.75
'19 Mar - 21:02:02',12.00,37.00,5.000,70.00,3.39,9.69
'19 Mar - 21:03:02',12.00,37.00,5.000,70.00,3.39,9.75
'19 Mar - 21:04:02',12.00,37.00,5.000,70.00,3.39,9.69
'19 Mar - 21:05:02',12.00,37.00,5.000,70.00,3.39,9.69
'19 Mar - 21:06:02',12.00,37.00,5.000,70.00,3.39,9.75
'19 Mar - 21:07:02',12.00,37.00,4.000,71.00,3.39,9.69
'19 Mar - 21:08:02',12.00,37.00,4.000,72.00,3.39,9.69
'19 Mar - 21:09:02',12.00,37.00,4.000,72.00,3.39,9.69
'19 Mar - 21:10:02',12.00,37.00,4.000,72.00,3.39,9.69
'19 Mar - 21:11:02',12.00,37.00,4.000,72.00,3.39,9.69
'19 Mar - 21:12:02',12.00,37.00,4.000,72.00,3.39,9.63
'19 Mar - 21:13:02',12.00,37.00,4.000,72.00,3.39,9.63
'19 Mar - 21:14:02',12.00,37.00,4.000,72.00,3.39,9.50
'19 Mar - 21:15:02',12.00,37.00,4.000,72.00,3.39,9.50
'19 Mar - 21:16:02',12.00,37.00,4.000,72.00,3.39,9.44
'19 Mar - 21:17:02',12.00,37.00,4.000,72.00,3.39,9.44
'19 Mar - 21:18:02',12.00,37.00,4.000,73.00,3.39,9.44
'19 Mar - 21:19:02',12.00,37.00,4.000,73.00,3.39,9.38
'19 Mar - 21:20:02',12.00,37.00,4.000,73.00,3.39,9.44
'19 Mar - 21:21:02',12.00,37.00,4.000,73.00,3.39,9.44
'19 Mar - 21:22:02',12.00,37.00,4.000,73.00,3.39,9.44
'19 Mar - 21:23:02',12.00,37.00,4.000,73.00,3.39,9.44
'19 Mar - 21:24:02',12.00,37.00,4.000,73.00,3.39,9.38
'19 Mar - 21:25:02',12.00,37.00,4.000,73.00,3.39,9.31
'19 Mar - 21:26:02',12.00,37.00,5.000,73.00,3.39,9.25
'19 Mar - 21:27:02',12.00,37.00,5.000,73.00,3.39,9.25
'19 Mar - 21:28:02',12.00,37.00,5.000,73.00,3.39,9.25
'19 Mar - 21:29:02',12.00,37.00,5.000,73.00,3.39,9.25
'19 Mar - 21:30:02',12.00,37.00,4.000,74.00,3.39,9.25
'19 Mar - 21:31:02',12.00,37.00,4.000,74.00,3.39,9.25
'19 Mar - 21:32:02',12.00,37.00,4.000,74.00,3.39,9.25
'19 Mar - 21:33:02',12.00,37.00,4.000,74.00,3.39,9.25
'19 Mar - 21:34:02',12.00,37.00,4.000,74.00,3.39,9.19
'19 Mar - 21:35:02',12.00,37.00,4.000,74.00,3.39,9.19
'19 Mar - 21:36:02',12.00,37.00,4.000,74.00,3.39,9.19
'19 Mar - 21:37:02',12.00,37.00,4.000,74.00,3.39,9.13
'19 Mar - 21:38:02',12.00,37.00,4.000,74.00,3.39,9.13
'19 Mar - 21:39:02',12.00,37.00,4.000,75.00,3.39,9.13
'19 Mar - 21:40:02',12.00,37.00,4.000,75.00,3.39,9.13
'19 Mar - 21:41:02',12.00,37.00,4.000,75.00,3.39,9.13
'19 Mar - 21:42:02',12.00,37.00,4.000,75.00,3.39,9.13
'19 Mar - 21:43:02',12.00,37.00,4.000,75.00,3.39,9.13
'19 Mar - 21:44:02',12.00,37.00,4.000,75.00,3.39,9.06
'19 Mar - 21:45:02',12.00,37.00,4.000,75.00,3.39,9.06
'19 Mar - 21:46:02',12.00,37.00,4.000,75.00,3.39,9.00
'19 Mar - 21:47:02',12.00,37.00,4.000,75.00,3.39,9.06
'19 Mar - 21:48:02',12.00,37.00,4.000,75.00,3.39,9.00
'19 Mar - 21:49:02',12.00,37.00,4.000,75.00,3.39,9.06
'19 Mar - 21:50:02',12.00,37.00,4.000,75.00,3.39,9.00
'19 Mar - 21:51:02',12.00,37.00,4.000,75.00,3.39,9.00
'19 Mar - 21:52:02',12.00,37.00,4.000,75.00,3.39,9.00
'19 Mar - 21:53:02',12.00,37.00,4.000,75.00,3.39,9.06
'19 Mar - 21:54:02',12.00,37.00,4.000,75.00,3.39,9.06
'19 Mar - 21:55:02',12.00,37.00,4.000,75.00,3.39,9.00
'19 Mar - 21:56:02',12.00,37.00,4.000,76.00,3.39,8.94
'19 Mar - 21:57:02',12.00,37.00,4.000,76.00,3.39,8.94
'19 Mar - 21:58:02',12.00,37.00,4.000,76.00,3.39,8.94
'19 Mar - 21:59:02',12.00,37.00,4.000,76.00,3.39,8.88
'19 Mar - 22:00:02',12.00,37.00,4.000,76.00,3.39,8.88
'19 Mar - 22:01:02',12.00,37.00,4.000,76.00,3.39,8.88
'19 Mar - 22:02:02',12.00,37.00,4.000,76.00,3.39,8.88
'19 Mar - 22:03:02',12.00,37.00,4.000,76.00,3.39,8.81
'19 Mar - 22:04:02',12.00,37.00,4.000,76.00,3.39,8.75
'19 Mar - 22:05:02',12.00,37.00,4.000,77.00,3.39,8.75
'19 Mar - 22:06:02',12.00,37.00,4.000,77.00,3.39,8.75
'19 Mar - 22:07:02',12.00,37.00,4.000,77.00,3.39,8.75
'19 Mar - 22:08:02',12.00,37.00,4.000,77.00,3.39,8.75
'19 Mar - 22:09:02',12.00,37.00,4.000,77.00,3.39,8.75
'19 Mar - 22:10:02',12.00,37.00,11.11,11.11,3.39,8.69
'19 Mar - 22:11:02',12.00,37.00,4.000,77.00,3.39,8.69
'19 Mar - 22:12:02',12.00,37.00,4.000,78.00,3.39,8.63
'19 Mar - 22:13:02',12.00,37.00,5.000,77.00,3.39,8.56
'19 Mar - 22:14:02',12.00,37.00,5.000,77.00,3.39,8.56
'19 Mar - 22:15:02',12.00,37.00,5.000,78.00,3.39,8.50
'19 Mar - 22:16:02',12.00,37.00,5.000,78.00,3.39,8.44
'19 Mar - 22:17:02',12.00,37.00,5.000,78.00,3.39,8.44
'19 Mar - 22:18:02',12.00,37.00,5.000,78.00,3.39,8.44
'19 Mar - 22:19:02',12.00,37.00,5.000,78.00,3.39,8.44
'19 Mar - 22:20:02',12.00,37.00,5.000,79.00,3.39,8.50
'19 Mar - 22:21:02',12.00,37.00,5.000,79.00,3.39,8.50
'19 Mar - 22:22:02',12.00,37.00,5.000,79.00,3.39,8.44
'19 Mar - 22:23:02',12.00,37.00,5.000,79.00,3.39,8.44
'19 Mar - 22:24:02',12.00,37.00,5.000,79.00,3.39,8.44
'19 Mar - 22:25:02',12.00,37.00,5.000,79.00,3.39,8.44
'19 Mar - 22:26:02',12.00,37.00,5.000,80.00,3.39,8.44
'19 Mar - 22:27:02',12.00,37.00,5.000,80.00,3.39,8.38
'19 Mar - 22:28:02',12.00,37.00,5.000,80.00,3.39,8.38
'19 Mar - 22:29:02',12.00,37.00,5.000,80.00,3.39,8.38
'19 Mar - 22:30:02',12.00,37.00,5.000,80.00,3.39,8.38
'19 Mar - 22:31:02',12.00,37.00,5.000,80.00,3.39,8.38
'19 Mar - 22:32:02',12.00,37.00,5.000,80.00,3.39,8.38
'19 Mar - 22:33:02',12.00,37.00,5.000,81.00,3.39,8.38
'19 Mar - 22:34:02',12.00,37.00,6.000,81.00,3.39,8.38
'19 Mar - 22:35:02',12.00,37.00,6.000,81.00,3.39,8.38
'19 Mar - 22:36:02',12.00,37.00,6.000,81.00,3.39,8.38
'19 Mar - 22:37:02',12.00,37.00,6.000,81.00,3.39,8.44
'19 Mar - 22:38:02',12.00,37.00,6.000,81.00,3.39,8.38
'19 Mar - 22:39:02',12.00,37.00,6.000,81.00,3.39,8.38
'19 Mar - 22:40:02',12.00,37.00,6.000,81.00,3.39,8.44
'19 Mar - 22:41:02',12.00,37.00,6.000,81.00,3.39,8.44
'19 Mar - 22:42:02',12.00,37.00,6.000,81.00,3.39,8.38
'19 Mar - 22:43:02',12.00,37.00,6.000,81.00,3.39,8.38
'19 Mar - 22:44:02',12.00,37.00,6.000,82.00,3.39,8.38
'19 Mar - 22:45:02',12.00,37.00,6.000,82.00,3.39,8.38
'19 Mar - 22:46:02',12.00,37.00,6.000,82.00,3.39,8.38
'19 Mar - 22:47:02',12.00,37.00,6.000,82.00,3.39,8.31
'19 Mar - 22:48:02',12.00,37.00,6.000,82.00,3.39,8.38
'19 Mar - 22:49:02',12.00,37.00,6.000,82.00,3.39,8.31
'19 Mar - 22:50:02',12.00,37.00,6.000,82.00,3.39,8.38
'19 Mar - 22:51:02',12.00,37.00,6.000,82.00,3.39,8.31
'19 Mar - 22:52:02',12.00,37.00,6.000,82.00,3.39,8.31
'19 Mar - 22:53:02',12.00,37.00,6.000,82.00,3.39,8.31
'19 Mar - 22:54:02',12.00,37.00,6.000,82.00,3.39,8.31
'19 Mar - 22:55:02',12.00,37.00,6.000,82.00,3.39,8.31
'19 Mar - 22:56:02',12.00,37.00,6.000,82.00,3.39,8.31
'19 Mar - 22:57:02',12.00,37.00,6.000,82.00,3.39,8.25
'19 Mar - 22:58:02',12.00,37.00,6.000,82.00,3.39,8.25
'19 Mar - 22:59:02',12.00,37.00,6.000,82.00,3.39,8.25
'19 Mar - 23:00:02',12.00,37.00,6.000,82.00,3.39,8.25
'19 Mar - 23:01:02',12.00,37.00,6.000,82.00,3.39,8.25
'19 Mar - 23:02:02',12.00,37.00,6.000,82.00,3.39,8.25
'19 Mar - 23:03:02',12.00,37.00,6.000,82.00,3.39,8.25
'19 Mar - 23:04:02',12.00,37.00,6.000,82.00,3.39,8.25
'19 Mar - 23:05:02',12.00,37.00,6.000,82.00,3.39,8.31
'19 Mar - 23:06:02',12.00,37.00,6.000,82.00,3.39,8.31
'19 Mar - 23:07:02',12.00,37.00,6.000,82.00,3.39,8.31
'19 Mar - 23:08:02',12.00,37.00,6.000,82.00,3.39,8.31
'19 Mar - 23:09:02',12.00,37.00,6.000,82.00,3.39,8.31
'19 Mar - 23:10:02',12.00,37.00,6.000,82.00,3.39,8.31
'19 Mar - 23:11:02',12.00,37.00,6.000,82.00,3.39,8.31
'19 Mar - 23:12:02',12.00,37.00,6.000,82.00,3.39,8.31
'19 Mar - 23:13:02',12.00,37.00,6.000,82.00,3.39,8.31
'19 Mar - 23:14:02',12.00,37.00,6.000,82.00,3.39,8.31
'19 Mar - 23:15:02',12.00,37.00,6.000,82.00,3.39,8.31
'19 Mar - 23:16:02',12.00,37.00,6.000,82.00,3.39,8.31
'19 Mar - 23:17:02',12.00,37.00,6.000,82.00,3.39,8.31
'19 Mar - 23:18:02',12.00,37.00,6.000,82.00,3.40,8.25
'19 Mar - 23:19:02',12.00,37.00,6.000,82.00,3.39,8.31
'19 Mar - 23:20:02',12.00,37.00,6.000,82.00,3.39,8.31
'19 Mar - 23:21:02',12.00,37.00,6.000,82.00,3.39,8.25
'19 Mar - 23:22:02',12.00,37.00,6.000,82.00,3.39,8.25
'19 Mar - 23:23:02',12.00,37.00,6.000,82.00,3.39,8.25
'19 Mar - 23:24:02',12.00,37.00,6.000,82.00,3.39,8.25
'19 Mar - 23:25:02',12.00,37.00,6.000,82.00,3.39,8.25
'19 Mar - 23:26:02',12.00,37.00,6.000,82.00,3.39,8.25
'19 Mar - 23:27:02',12.00,37.00,6.000,82.00,3.39,8.19
'19 Mar - 23:28:02',12.00,37.00,6.000,82.00,3.39,8.25
'19 Mar - 23:29:02',12.00,37.00,6.000,82.00,3.39,8.19
'19 Mar - 23:30:02',12.00,37.00,6.000,82.00,3.39,8.25
'19 Mar - 23:31:02',12.00,37.00,6.000,82.00,3.39,8.19
'19 Mar - 23:32:02',12.00,37.00,6.000,82.00,3.39,8.25
'19 Mar - 23:33:02',12.00,37.00,6.000,82.00,3.39,8.25
'19 Mar - 23:34:02',12.00,37.00,6.000,82.00,3.39,8.25
'19 Mar - 23:35:02',12.00,37.00,6.000,82.00,3.39,8.25
'19 Mar - 23:36:02',12.00,37.00,6.000,82.00,3.39,8.25
'19 Mar - 23:37:02',12.00,37.00,6.000,82.00,3.39,8.31
'19 Mar - 23:38:02',12.00,37.00,6.000,82.00,3.39,8.31
'19 Mar - 23:39:02',12.00,37.00,6.000,82.00,3.39,8.31
'19 Mar - 23:40:02',12.00,37.00,6.000,82.00,3.39,8.25
'19 Mar - 23:41:02',12.00,37.00,6.000,82.00,3.39,8.31
'19 Mar - 23:42:02',12.00,37.00,6.000,82.00,3.39,8.31
'19 Mar - 23:43:02',12.00,37.00,6.000,82.00,3.39,8.31
'19 Mar - 23:44:02',12.00,37.00,6.000,82.00,3.39,8.31
'19 Mar - 23:45:02',12.00,37.00,6.000,82.00,3.39,8.31
'19 Mar - 23:46:02',12.00,37.00,6.000,82.00,3.39,8.31
'19 Mar - 23:47:02',12.00,37.00,6.000,82.00,3.39,8.31
'19 Mar - 23:48:02',12.00,37.00,6.000,82.00,3.39,8.31
'19 Mar - 23:49:02',12.00,37.00,6.000,82.00,3.39,8.31
'19 Mar - 23:50:02',12.00,37.00,6.000,82.00,3.39,8.25
'19 Mar - 23:51:02',12.00,37.00,6.000,82.00,3.40,8.25
'19 Mar - 23:52:02',12.00,37.00,6.000,82.00,3.39,8.25
'19 Mar - 23:53:02',12.00,37.00,6.000,81.00,3.39,8.25
'19 Mar - 23:54:02',12.00,37.00,6.000,81.00,3.39,8.25
'19 Mar - 23:55:02',12.00,37.00,6.000,81.00,3.39,8.25
'19 Mar - 23:56:02',12.00,37.00,6.000,81.00,3.39,8.25
'19 Mar - 23:57:02',12.00,37.00,6.000,81.00,3.39,8.25
'19 Mar - 23:58:02',12.00,37.00,6.000,81.00,3.40,8.25
'19 Mar - 23:59:02',12.00,37.00,6.000,81.00,3.39,8.25
'19 Mar - 00:00:02',12.00,37.00,6.000,81.00,3.39,8.25
'19 Mar - 00:01:02',12.00,37.00,6.000,81.00,3.39,8.25
'19 Mar - 00:02:02',12.00,37.00,6.000,81.00,3.39,8.25
'19 Mar - 00:03:02',12.00,37.00,6.000,81.00,3.39,8.25
'19 Mar - 00:04:02',12.00,37.00,6.000,81.00,3.39,8.25
'19 Mar - 00:05:02',12.00,37.00,6.000,81.00,3.39,8.25
'19 Mar - 00:06:02',12.00,37.00,6.000,81.00,3.39,8.25
'19 Mar - 00:07:02',12.00,37.00,6.000,81.00,3.39,8.19
'19 Mar - 00:08:02',12.00,37.00,6.000,81.00,3.39,8.25
'19 Mar - 00:09:02',12.00,37.00,6.000,81.00,3.39,8.25
'19 Mar - 00:10:02',12.00,37.00,6.000,81.00,3.39,8.25
'19 Mar - 00:11:02',12.00,37.00,6.000,81.00,3.39,8.25
'19 Mar - 00:12:02',12.00,37.00,6.000,81.00,3.39,8.19
'19 Mar - 00:13:02',12.00,37.00,6.000,81.00,3.39,8.19
'19 Mar - 00:14:02',12.00,37.00,6.000,81.00,3.39,8.25
'19 Mar - 00:15:02',12.00,37.00,6.000,81.00,3.39,8.25
'19 Mar - 00:16:02',12.00,37.00,6.000,81.00,3.39,8.19
'19 Mar - 00:17:02',12.00,37.00,6.000,81.00,3.39,8.19
'19 Mar - 00:18:02',12.00,37.00,6.000,81.00,3.39,8.19
'19 Mar - 00:19:02',12.00,37.00,6.000,81.00,3.39,8.19
'19 Mar - 00:20:02',12.00,37.00,6.000,81.00,3.39,8.19
'19 Mar - 00:21:02',12.00,37.00,6.000,81.00,3.39,8.19
'19 Mar - 00:22:02',12.00,37.00,6.000,81.00,3.39,8.13
'19 Mar - 00:23:02',12.00,37.00,6.000,80.00,3.39,8.13
'19 Mar - 00:24:02',12.00,37.00,6.000,80.00,3.39,8.13
'19 Mar - 00:25:02',12.00,37.00,6.000,80.00,3.39,8.13
'19 Mar - 00:26:02',12.00,37.00,6.000,80.00,3.39,8.13
'19 Mar - 00:27:02',12.00,37.00,6.000,80.00,3.39,8.13
'19 Mar - 00:28:02',12.00,37.00,6.000,80.00,3.39,8.13
'19 Mar - 00:29:02',12.00,37.00,6.000,80.00,3.39,8.13
'19 Mar - 00:30:02',12.00,37.00,6.000,80.00,3.39,8.13
'19 Mar - 00:31:02',12.00,37.00,6.000,80.00,3.39,8.13
'19 Mar - 00:32:02',12.00,37.00,6.000,80.00,3.39,8.13
'19 Mar - 00:33:02',12.00,37.00,6.000,80.00,3.39,8.13
'19 Mar - 00:34:02',12.00,37.00,6.000,80.00,3.39,8.13
'19 Mar - 00:35:02',12.00,37.00,6.000,80.00,3.39,8.13
'19 Mar - 00:36:02',12.00,37.00,6.000,80.00,3.39,8.13
'19 Mar - 00:37:02',12.00,37.00,6.000,80.00,3.39,8.13
'19 Mar - 00:38:02',12.00,37.00,6.000,80.00,3.40,8.13
'19 Mar - 00:39:02',12.00,37.00,6.000,80.00,3.39,8.13
'19 Mar - 00:40:02',12.00,37.00,6.000,80.00,3.39,8.13
'19 Mar - 00:41:02',12.00,37.00,6.000,80.00,3.39,8.13
'19 Mar - 00:42:02',12.00,37.00,6.000,80.00,3.39,8.13
'19 Mar - 00:43:02',12.00,37.00,6.000,80.00,3.39,8.13
'19 Mar - 00:44:02',12.00,37.00,6.000,80.00,3.39,8.06
'19 Mar - 00:45:02',12.00,37.00,6.000,80.00,3.39,8.06
'19 Mar - 00:46:02',12.00,37.00,6.000,80.00,3.39,8.06
'19 Mar - 00:47:02',12.00,37.00,6.000,80.00,3.39,8.06
'19 Mar - 00:48:02',12.00,37.00,6.000,80.00,3.39,8.13
'19 Mar - 00:49:02',12.00,37.00,6.000,80.00,3.39,8.06
'19 Mar - 00:50:02',12.00,37.00,6.000,80.00,3.39,8.06
'19 Mar - 00:51:02',12.00,37.00,6.000,80.00,3.39,8.13
'19 Mar - 00:52:02',12.00,37.00,6.000,80.00,3.39,8.13
'19 Mar - 00:53:02',12.00,37.00,6.000,80.00,3.39,8.06
'19 Mar - 00:54:02',12.00,37.00,6.000,80.00,3.39,8.13
